品目コード,領域,種別,機種,名称,保管場所,備考
0101001001,PA,Speaker,d&b Q1*2_No1,ラインアレイスピーカー,2nd,
0101001002,PA,Speaker,d&b Q1*2_No2,ラインアレイスピーカー,2nd,
0101001003,PA,Speaker,d&b Q1*2_No3,ラインアレイスピーカー,2nd,
0101001004,PA,Speaker,d&b Q1*2_No4,ラインアレイスピーカー,2nd,
0101001005,PA,Speaker,d&b Q1*2_No5,ラインアレイスピーカー,2nd,
0101001006,PA,Speaker,d&b Q1*2_No6,ラインアレイスピーカー,2nd,
0101002001,PA,Speaker,d&b Q7_No1,スピーカー,2nd,
0101002002,PA,Speaker,d&b Q7_No2,スピーカー,2nd,
0101003001,PA,Speaker,d&b JSUB_No1,サブウーファー,2nd,
0101003002,PA,Speaker,d&b JSUB_No2,サブウーファー,2nd,
0101004001,PA,Speaker,d&b QSUB_No1,サブウーファー,2nd,
0101004002,PA,Speaker,d&b QSUB_No2,サブウーファー,2nd,
0101004003,PA,Speaker,d&b QSUB_No3,サブウーファー,2nd,
0101004004,PA,Speaker,d&b QSUB_No4,サブウーファー,2nd,
0101004005,PA,Speaker,d&b QSUB_No5,サブウーファー,2nd,
0101004006,PA,Speaker,d&b QSUB_No6,サブウーファー,2nd,
0101004007,PA,Speaker,d&b QSUB_No7,サブウーファー,2nd,
0101004008,PA,Speaker,d&b QSUB_No8,サブウーファー,2nd,
0101005001,PA,Speaker,d&b MAX_No1,スピーカー,2nd,
0101005002,PA,Speaker,d&b MAX_No2,スピーカー,2nd,
0101006001,PA,Speaker,d&b Ci90*2,スピーカー,2nd,
0101007001,PA,Speaker,d&b E3*2_No1,スピーカー 2台入り,2nd,
0101007002,PA,Speaker,d&b E3*2_No2,スピーカー 2台入り,2nd,
0101008001,PA,Speaker,RCF EVOX12 Hi_No1,パワードスピーカー Hi,2nd,
0101008002,PA,Speaker,RCF EVOX12 Low_No1,パワードスピーカー Low,2nd,
0101008003,PA,Speaker,RCF EVOX12 Hi_No2,パワードスピーカー Hi,2nd,
0101008004,PA,Speaker,RCF EVOX12 Low_No2,パワードスピーカー Low,2nd,
0101009001,PA,Speaker,"NEXO PS15*2_No1,2",スピーカー 2台入り,2nd,
0101009002,PA,Speaker,"NEXO PS15*2_No3,4",スピーカー 2台入り,2nd,
0101010001,PA,Speaker,NEXO PS10_No1,スピーカー,1st,
0101010002,PA,Speaker,NEXO PS10_No2,スピーカー,1st,
0101010003,PA,Speaker,NEXO PS10_No3,スピーカー,1st,
0101010004,PA,Speaker,NEXO PS10_No4,スピーカー,1st,
0101010005,PA,Speaker,NEXO PS10_No5,スピーカー,1st,
0101010006,PA,Speaker,NEXO PS10_No6_※傾き有り,スピーカー,1st,
0101010007,PA,Speaker,NEXO PS10_No7,スピーカー,1st,
0101010008,PA,Speaker,NEXO PS10_No8,スピーカー,1st,
0101011001,PA,Speaker,"NEXO PS8*2_No1,2(No1音おかしい）",スピーカー,1st,
0101011002,PA,Speaker,"NEXO PS8*2_No3,4",スピーカー,1st,
0101011003,PA,Speaker,"NEXO PS8*2_No5,6",スピーカー,1st,
0101011004,PA,Speaker,"NEXO PS8*2_No7,8",スピーカー,1st,
0101012001,PA,Speaker,NEXO P12_No1,スピーカー,1st,
0101012002,PA,Speaker,NEXO P12_No2,スピーカー,1st,
0101012003,PA,Speaker,NEXO P12_No3,スピーカー,1st,
0101012004,PA,Speaker,NEXO P12_No4,スピーカー,1st,
0101012005,PA,Speaker,NEXO P12_No5,スピーカー,1st,
0101012006,PA,Speaker,NEXO P12_No6,スピーカー,1st,
0101012007,PA,Speaker,NEXO P12_No7,スピーカー,1st,
0101012008,PA,Speaker,NEXO P12_No8,スピーカー,1st,
0101013001,PA,Speaker,NEXO LS500_No1,スピーカー,2nd,
0101013002,PA,Speaker,NEXO LS500_No2,スピーカー,2nd,
0101014001,PA,Speaker,JBL Control28*2_No1,スピーカー,2nd,
0101014002,PA,Speaker,JBL Control28*2_No2,スピーカー,2nd,
0101014003,PA,Speaker,JBL Control28*2_No3,スピーカー,2nd,
0101014004,PA,Speaker,JBL Control28*2_No4,スピーカー,2nd,
0101014005,PA,Speaker,JBL Control28*2_No5,スピーカー,2nd,
0101015001,PA,Speaker,YAMAHA DXR12_No1,パワードスピーカー,1st,
0101015002,PA,Speaker,YAMAHA DXR12_No2,パワードスピーカー,1st,
0101016001,PA,Speaker,YAMAHA DXR10_No1,パワードスピーカー,1st,
0101016002,PA,Speaker,YAMAHA DXR10_No2,パワードスピーカー,1st,
0101017001,PA,Speaker,YAMAHA DXR8_No1,パワードスピーカー,1st,
0101017002,PA,Speaker,YAMAHA DXR8_No2,パワードスピーカー,1st,
0101018001,PA,Speaker,"YAMAHA S15*2_No1,2",スピーカー 2台入り,2nd,
0101018002,PA,Speaker,"YAMAHA S15*2_No3,4",スピーカー 2台入り,2nd,
0101018003,PA,Speaker,"YAMAHA S15*2_No5,6",スピーカー 2台入り,2nd,
0101018004,PA,Speaker,"YAMAHA S15*2_No7,8",スピーカー 2台入り,2nd,
0101018005,PA,Speaker,"YAMAHA S15*2_No9,10",スピーカー 2台入り,2nd,
0101018006,PA,Speaker,"YAMAHA S15*2_No11,12",スピーカー 2台入り,2nd,
0101019001,PA,Speaker,YAMAHA MS101_No1,パワードスピーカー,1st,
0101019002,PA,Speaker,YAMAHA MS101_No2,パワードスピーカー,1st,
0101019003,PA,Speaker,YAMAHA MS101_No3,パワードスピーカー,1st,
0101019004,PA,Speaker,YAMAHA MS101_No4,パワードスピーカー,1st,
0101020001,PA,Speaker,MACKIE SRM150_No1,パワードスピーカー,1st,
0101020002,PA,Speaker,MACKIE SRM150_No2,パワードスピーカー,1st,
0101020003,PA,Speaker,MACKIE SRM150_No3,パワードスピーカー,1st,
0101020004,PA,Speaker,MACKIE SRM150_No4,パワードスピーカー,1st,
0101020005,PA,Speaker,MACKIE SRM150_No5,パワードスピーカー,1st,2025.11 導入
0101020006,PA,Speaker,MACKIE SRM150_No6,パワードスピーカー,1st,2025.11 導入
0101020007,PA,Speaker,MACKIE SRM150_No7,パワードスピーカー,1st,2025年12月 田中から購入
0101020008,PA,Speaker,MACKIE SRM150_No8,パワードスピーカー,1st,2025年12月 田中から購入
0101021001,PA,Speaker,"BOSE 101VM*2_No1,2",スピーカー 2台入り,2nd,
0101021002,PA,Speaker,"BOSE 101VM*2_No3,4",スピーカー 2台入り,2nd,
0101021003,PA,Speaker,"BOSE 101VM*2_No5,6",スピーカー 2台入り,2nd,
0101022001,PA,Speaker,AlconsAudio VR12/90_No1,スピーカー,1st,2025年10月導入
0101022002,PA,Speaker,AlconsAudio VR12/90M_No2,スピーカー,1st,2025年10月導入
0101022003,PA,Speaker,AlconsAudio VR12/90_No3,スピーカー,1st,2025年10月導入
0101022004,PA,Speaker,AlconsAudio VR12/90M_No4,スピーカー,1st,2025年10月導入
0101023001,PA,Speaker,CODA AUDIO HOPS8T-L_No1,スピーカー,1st,2025年10月導入
0101023002,PA,Speaker,CODA AUDIO HOPS8T-R_No2,スピーカー,1st,2025年10月導入
0101023003,PA,Speaker,CODA AUDIO HOPS8T-L_No3,スピーカー,1st,2025年10月導入
0101023004,PA,Speaker,CODA AUDIO HOPS8T-R_No4,スピーカー,1st,2025年10月導入
0101023005,PA,Speaker,CODA AUDIO HOPS8T-L_No5,スピーカー,1st,2026年8月導入
0101023006,PA,Speaker,CODA AUDIO HOPS8T-R_No6,スピーカー,1st,2026年8月導入
0101023007,PA,Speaker,CODA AUDIO HOPS8T-L_No7,スピーカー,1st,2026年8月導入
0101023008,PA,Speaker,CODA AUDIO HOPS8T-R_No8,スピーカー,1st,2026年8月導入
0101024001,PA,Speaker,CODA AUDIO G512Pro-L_No1,スピーカー,1st,2025年10月導入
0101024002,PA,Speaker,CODA AUDIO G512Pro-R_No2,スピーカー,1st,2025年10月導入
0101024003,PA,Speaker,CODA AUDIO G512Pro-L_No3,スピーカー,1st,2025年10月導入
0101024004,PA,Speaker,CODA AUDIO G512Pro-R_No4,スピーカー,1st,2025年10月導入
0101025001,PA,Speaker,CODA AUDIO D5-Cube*2_No1,スピーカー,2nd,2025年10月導入
0101025002,PA,Speaker,CODA AUDIO D5-Cube*2_No2,スピーカー,2nd,2025年10月導入
0101026001,PA,Speaker,Electro-Voice ZX5_No1,スピーカー,2nd,2025年12月 田中から購入
0101026002,PA,Speaker,Electro-Voice ZX5_No2,スピーカー,2nd,2025年12月 田中から購入
0101027001,PA,Speaker,Electro-Voice ZX3_No1,スピーカー,2nd,2025年12月田中から購入
0101027002,PA,Speaker,Electro-Voice ZX3_No2,スピーカー,2nd,2025年12月 田中から購入
0101027003,PA,Speaker,Electro-Voice ZX3_No3,スピーカー,2nd,2025年12月 田中から購入
0101027004,PA,Speaker,Electro-Voice ZX3_No4,スピーカー,2nd,2025年12月 田中から購入
0101028001,PA,Speaker,Electro-Voice ZX1*2_No1,スピーカー2台入り,2nd,2025年12月 田中から購入
0101028002,PA,Speaker,Electro-Voice ZX1*2_No2,スピーカー2台入り,2nd,2025年12月 田中から購入
0101028003,PA,Speaker,Electro-Voice ZX1_No3,スピーカー,2nd,2025年12月 田中から購入
0101028004,PA,Speaker,Electro-Voice ZX1_No4,スピーカー,2nd,2025年12月 田中から購入
0101029001,PA,Speaker,NEXO L15_No1,サブウーファー,1st,2026年3月導入
0101029002,PA,Speaker,NEXO L15_No2,サブウーファー,2nd,
0101030001,PA,Speaker,d&b V8*4_No1,d&b V8*4_No1,2nd,2026年7月中古で購入
0101030002,PA,Speaker,d&b V8*4_No2,d&b V8*4_No2,2nd,2026年7月中古で購入
0101030003,PA,Speaker,d&b V8*4_No3,d&b V8*4_No3,2nd,2026年7月中古で購入
0101030004,PA,Speaker,d&b V8*4_No4,d&b V8*4_No4,2nd,2026年7月中古で購入
0101030005,PA,Speaker,d&b V8*4_No5,d&b V8*4_No5,2nd,2026年7月中古で購入
0101031001,PA,Speaker,d&b V-SUB_No1,d&b V-SUB_No1,2nd,2026年7月中古で購入
0101031002,PA,Speaker,d&b V-SUB_No2,d&b V-SUB_No2,2nd,2026年7月中古で購入
0101031003,PA,Speaker,d&b V-SUB_No3,d&b V-SUB_No3,2nd,2026年7月中古で購入
0101031004,PA,Speaker,d&b V-SUB_No4,d&b V-SUB_No4,2nd,2026年7月中古で購入
0101031005,PA,Speaker,d&b V-SUB_No5,d&b V-SUB_No5,2nd,2026年7月中古で購入
0101031006,PA,Speaker,d&b V-SUB_No6,d&b V-SUB_No6,2nd,2026年7月中古で購入
0101031007,PA,Speaker,d&b V-SUB_No7,d&b V-SUB_No7,2nd,2026年7月中古で購入
0101031008,PA,Speaker,d&b V-SUB_No8,d&b V-SUB_No8,2nd,2026年7月中古で購入
0101032001,PA,Speaker,d&b V7P_No1,d&b V7P_No1,2nd,2026年8月導入
0101032002,PA,Speaker,d&b V7P_No2,d&b V7P_No2,2nd,2026年8月導入
0101032003,PA,Speaker,d&b V7P_No3,d&b V7P_No3,2nd,2026年8月導入
0101032004,PA,Speaker,d&b V7P_No4,d&b V7P_No4,2nd,2026年8月導入
0101033001,PA,Speaker,d&b M6_No1,d&b M6_No1,2nd,2026年8月導入
0101033002,PA,Speaker,d&b M6_No2,d&b M6_No2,2nd,2026年8月導入
0101033003,PA,Speaker,d&b M6_No3,d&b M6_No3,2nd,2026年8月導入
0101033004,PA,Speaker,d&b M6_No4,d&b M6_No4,2nd,2026年8月導入
0102001001,PA,Speaker Accessories,d&b Z5159_No1,Q1アレイフレーム,2nd,2026年3月導入
0102001002,PA,Speaker Accessories,d&b Z5159_No2,Q1アレイフレーム,2nd,
0102002001,PA,Speaker Accessories,d&b Q7 アダプタ*2,Q7アダプタ,2nd,
0102003001,PA,Speaker Accessories,"NEXO Fly PS10*2_No1,2",PS10フライング金具,1st,
0102003002,PA,Speaker Accessories,"NEXO Fly PS10*2_No3,4",PS10フライング金具,1st,
0102003003,PA,Speaker Accessories,"NEXO Fly PS10*2_No5,6",PS10フライング金具,1st,
0102003004,PA,Speaker Accessories,"NEXO Fly PS10*2_No7,8",PS10フライング金具,1st,
0102004001,PA,Speaker Accessories,NEXO Fly PS8 set*2_No1,PS8フライング金具2式入り,1st,
0102004002,PA,Speaker Accessories,NEXO Fly PS8 set*2_No2,PS8フライング金具2式入り,1st,
0102005001,PA,Speaker Accessories,INOUE EVW-01*2_No1,スピーカー用 二股金具,1st,
0102005002,PA,Speaker Accessories,INOUE EVW-01*2_No2,スピーカー用 二股金具,1st,
0102006001,PA,Speaker Accessories,K&M 21338*2 (35mm),ディスタンスロッド,2nd,
0102007001,PA,Speaker Accessories,K&M 21339*2 (M20),ディスタンスロッド,2nd,
0102008001,PA,Speaker Accessories,K&M 21300*2_No1,スピーカースタンド,1st,
0102008002,PA,Speaker Accessories,K&M 21300*2_No2,スピーカースタンド,1st,
0102008003,PA,Speaker Accessories,K&M 21300*2_No3,スピーカースタンド,1st,
0102009001,PA,Speaker Accessories,K&M 19672*2 (固定),15°チルト金具（固定）,1st,
0102010001,PA,Speaker Accessories,K&M 19670*2 (可変）,15°チルト金具（可変）,1st,
0102011001,PA,Speaker Accessories,K&M 246/1*2_No1,スピーカーハイスタンド,2nd,
0102011002,PA,Speaker Accessories,K&M 246/1*2_No2,スピーカーハイスタンド,2nd,
0102012001,PA,Speaker Accessories,ULTIMATE TS80B 屋内*2_No1,スピーカースタンド,1st,
0102012002,PA,Speaker Accessories,ULTIMATE TS80B 屋内*2_No2,スピーカースタンド,1st,
0102013001,PA,Speaker Accessories,ULTIMATE TS80S*2_No1,スピーカースタンド（シルバー）,1st,
0102013002,PA,Speaker Accessories,ULTIMATE TS80S*2_No2,スピーカースタンド（シルバー）,1st,
0102014001,PA,Speaker Accessories,VNT-TTC/XHBRK*2_No1 (PS15),PS15フライング金具2式入り,2nd,
0102014002,PA,Speaker Accessories,VNT-TTC/XHBRK*2_No2 (PS15),PS15フライング金具２式入り,2nd,
0102015001,PA,Speaker Accessories,BMS-10A*4_No1,S15用スタンドアダプタ,2nd,
0102015002,PA,Speaker Accessories,BMS-10A*4_No2,S15用スタンドアダプタ,2nd,
0102016001,PA,Speaker Accessories,K&M 21450*2_No1,スピーカースタンド,1st,
0102016002,PA,Speaker Accessories,K&M 21450*2_No2,スピーカースタンド,1st,
0102017001,PA,Speaker Accessories,ULTIMATE TS80B 屋外*2_No1,スピーカースタンド,1st,
0102017002,PA,Speaker Accessories,ULTIMATE TS80B 屋外*2_No2,スピーカースタンド,1st,
0102017003,PA,Speaker Accessories,ULTIMATE TS80B 屋外*2_No3,スピーカースタンド,1st,
0102018001,PA,Speaker Accessories,VNT-LIFTADPT/VNT-BUMP*2_No1 (P12),P12フライング金具２式入り,1st,
0102018002,PA,Speaker Accessories,VNT-LIFTADPT/VNT-BUMP*2_No2 (P12),P12フライング金具２式入り,1st,
0102019001,PA,Speaker Accessories,S15・101VM用吊り金具*4 No1,S15・101VM用吊り金具*4 No1,2nd,
0102019002,PA,Speaker Accessories,S15・101VM用吊り金具*4 No2,S15・101VM用吊り金具*4 No2,2nd,
0102019003,PA,Speaker Accessories,S15・101VM用吊り金具*4 No3,S15・101VM用吊り金具*4 No3,2nd,
0102019004,PA,Speaker Accessories,S15・101VM用吊り金具*4 No4,S15・101VM用吊り金具*4 No4,2nd,
0102019005,PA,Speaker Accessories,S15・101VM用吊り金具*2 No5,S15・101VM用吊り金具*2 No5,2nd,
0102020001,PA,Speaker Accessories,K&M 21460B*2_No1,スピーカースタンド,1st,
0102020002,PA,Speaker Accessories,K&M 21460B*2_No2,スピーカースタンド,1st,
0102021001,PA,Speaker Accessories,K&M 24105*2 No1,スピーカー用二股金具,1st,2025年9月導入
0102021002,PA,Speaker Accessories,K&M 24105*2 No2,スピーカー用 二股金具,1st,2025年9月導入
0102022001,PA,Speaker Accessories,Ev ZX用ピストンリング12個入り,Ev ZX用ピストンリング12個入り,1st,2025年12月 田中から購入
0102023001,PA,Speaker Accessories,K&M 26735 Base 2枚入り,円形ベース スピーカースタンド ベース,1st,2025年12月 田中から購入
0102023002,PA,Speaker Accessories,K&M 26735 Rod 2本入り,円形ベース スピーカースタンド ロッド,1st,2025年12月 田中から購入
0102024001,PA,Speaker Accessories,防振シート_No1,防振シート_No1,2nd,2025年12月 田中から購入
0102024002,PA,Speaker Accessories,防振シート_No2,防振シート_No2,2nd,2025年12月 田中から購入
0102024003,PA,Speaker Accessories,防振シート_No3,防振シート_No3,2nd,2025年12月 田中から購入
0102024004,PA,Speaker Accessories,防振シート_No4,防振シート_No4,2nd,2025年12月 田中から購入
0102025001,PA,Speaker Accessories,d&b V StackAdapter*2_No1,d&b V StackAdapter*2_No1,2nd,2026年7月中古で購入
0102025002,PA,Speaker Accessories,d&b V StackAdapter*2_No2,d&b V StackAdapter*2_No2,2nd,2026年7月中古で購入
0102026001,PA,Speaker Accessories,d&b V FlyingAdapter*2,d&b V FlyingAdapter*2,2nd,2026年7月中古で購入
0102027001,PA,Speaker Accessories,d&b V FlyingFrame*2,d&b V FlyingFrame*2,2nd,2026年7月中古で購入
0102028001,PA,Speaker Accessories,d&b V7P アダプタ_No1,d&b V7P アダプタ_No1,2nd,"2026年7月中古で購入
2*VP MountingBracket
2*Stand Adapter
2*TV spigot with fixing plate
2*Pipe clamp for TV spigot"
0102028002,PA,Speaker Accessories,d&b V7P アダプタ_No2,d&b V7P アダプタ_No2,2nd,"2026年8月導入
2*VP MountingBracket
2*StandAdapter
2*TV spigot with fixing plate
2*Pipe clamp for TV spigot"
0103001001,PA,Power Amplifier,d&b D12_No1,パワーアンプ,2nd,
0103001002,PA,Power Amplifier,d&b D12_No2,パワーアンプ,2nd,
0103001003,PA,Power Amplifier,d&b D12_No3,パワーアンプ,2nd,
0103001004,PA,Power Amplifier,d&b D12_No4,パワーアンプ,2nd,
0103001005,PA,Power Amplifier,d&b D12_No5,パワーアンプ,2nd,
0103001006,PA,Power Amplifier,d&b D12_No6,パワーアンプ,2nd,
0103001007,PA,Power Amplifier,d&b D12_No7,パワーアンプ,2nd,
0103001008,PA,Power Amplifier,d&b D12_No8,パワーアンプ,2nd,
0103001009,PA,Power Amplifier,d&b D12_No9,パワーアンプ,2nd,
0103001010,PA,Power Amplifier,d&b D12_No10,パワーアンプ,2nd,
0103002001,PA,Power Amplifier,NEXO NXAMP4*1_No1,4chパワーアンプ,1st,
0103002002,PA,Power Amplifier,NEXO NXAMP4*1_No2,4chパワーアンプ,1st,
0103002003,PA,Power Amplifier,NEXO NXAMP4*1_No3,4chパワーアンプ,1st,
0103003001,PA,Power Amplifier,NEXO NXAMP4*2 MK Ⅱ,4chパワーアンプ,1st,
0103004001,PA,Power Amplifier,CREST Performance CPX900_No1,パワーアンプ,2nd,
0103004002,PA,Power Amplifier,CREST Performance CPX900_No2,パワーアンプ,2nd,
0103004003,PA,Power Amplifier,CREST Performance CPX900_No3,パワーアンプ,2nd,
0103004004,PA,Power Amplifier,CREST Performance CPX900_No4,パワーアンプ,2nd,
0103004005,PA,Power Amplifier,CREST Performance CPX900_No5,パワーアンプ,2nd,
0103005001,PA,Power Amplifier,YAMAHA XM4080_No1,4chパワーアンプ,2nd,
0103005002,PA,Power Amplifier,YAMAHA XM4080_No2,4chパワーアンプ,2nd,
0103006001,PA,Power Amplifier,BOSE 1705,パワーアンプ,2nd,
0103007001,PA,Power Amplifier,BOSE 1705Ⅱ,パワーアンプ,2nd,
0103008001,PA,Power Amplifier,ROLAND SRA-5050A _No1,パワーアンプ,2nd,
0103008002,PA,Power Amplifier,ROLAND SRA-5050A _No2,パワーアンプ,2nd,
0103009001,PA,Power Amplifier,AlconsAudio Sentinel10,パワーアンプ,1st,2025年10月導入
0103010001,PA,Power Amplifier,CODA AUDIO LINUS14_No1,パワーアンプ,1st,2025年10月導入
0103010002,PA,Power Amplifier,CODA AUDIO LINUS14_No2,パワーアンプ,1st,2025年10月導入
0103011001,PA,Power Amplifier,YAMAHA XMV8280-D,8chパワーアンプ,2nd,2025年10月中古で導入
0103012001,PA,Power Amplifier,AMCRON MA3600VZ,パワーアンプ,1st,2025年12月 田中から購入
0103013001,PA,Power Amplifier,d&b D80_No1,d&b D80_No1,2nd,2026年7月中古で購入
0103013002,PA,Power Amplifier,d&b D80_No2,d&b D80_No2,2nd,2026年7月中古で購入
0103013003,PA,Power Amplifier,d&b D80_No3,d&b D80_No3,2nd,2026年7月中古で購入
0103013004,PA,Power Amplifier,d&b D80_No4,d&b D80_No4,2nd,2026年7月中古で購入
0103013005,PA,Power Amplifier,d&b D80_No5,d&b D80_No5,2nd,2026年8月導入
0103013006,PA,Power Amplifier,d&b D80_No6,d&b D80_No6,2nd,2026年8月導入
0104001001,PA,Mixing Console,YAMAHA CL5,デジタルミキサー,1st,2026/3/27 水濡れ修理
0104002001,PA,Mixing Console,YAMAHA QL5,デジタルミキサー,1st,
0104003001,PA,Mixing Console,YAMAHA QL1_No1,デジタルミキサー,1st,
0104003002,PA,Mixing Console,YAMAHA QL1_No2,デジタルミキサー,1st,
0104003003,PA,Mixing Console,YAMAHA QL1_No3/MY8-AD24,デジタルミキサー(8chアナログインプットカード付）,1st,
0104004001,PA,Mixing Console,MIDAS M32R,デジタルミキサー,1st,
0104005001,PA,Mixing Console,SoundCraft EPM6_No1,アナログミキサー,1st,
0104005002,PA,Mixing Console,SoundCraft EPM6_No2,アナログミキサー,1st,
0104006001,PA,Mixing Console,YAMAHA MG06X_No1,アナログミキサー,1st,
0104006002,PA,Mixing Console,YAMAHA MG06X_No2,アナログミキサー,1st,
0104006003,PA,Mixing Console,YAMAHA MG06X_No3,アナログミキサー,1st,
0104006004,PA,Mixing Console,YAMAHA MG06X_No4,アナログミキサー,1st,
0104007001,PA,Mixing Console,YAMAHA AG03_No1,アナログミキサー,1st,
0104007002,PA,Mixing Console,YAMAHA AG03_No2,アナログミキサー,1st,
0104008001,PA,Mixing Console,YAMAHA DM3 Standard,デジタルミキサー,1st,
0104008002,PA,Mixing Console,YAMAHA DM3 (DANTE),デジタルミキサー,1st,
0104009001,PA,Mixing Console,WAVES eMotion LV1 Classic,デジタルミキサー,1st,2025年8月導入
0104010001,PA,Mixing Console,Soundcraft NOTEPAD-5 No1,Soundcraft NOTEPAD-5 No1,1st,2025年9月導入
0104010002,PA,Mixing Console,Soundcraft NOTEPAD-5 No2,Soundcraft NOTEPAD-5 No2,1st,2025年9月導入
0105001001,PA,Play Back,TASCAM CD-500B*2_No1,CDプレーヤー,1st,
0105001002,PA,Play Back,TASCAM CD-500B*2_No2,CDプレーヤー,1st,
0105002001,PA,Play Back,TASCAM SS-CDR200/CD500B,ソリッドステートプレーヤー/CDプレーヤー,1st,
0105003001,PA,Play Back,TASCAM CD01U*2,CDプレーヤー,1st,
0105004001,PA,Play Back,DENON DN-C620*2,CDプレーヤー,1st,
0105005001,PA,Play Back,TASCAM MD-CD1B,MDCDプレーヤー,1st,
0105006001,PA,Play Back,ROLAND SP-404SX,サンプラー,1st,
0105007001,PA,Play Back,TASCAM RC-20_No1,CDプレーヤー用リモコン,1st,
0105007002,PA,Play Back,TASCAM RC-20_No2,CDプレーヤー用リモコン,1st,
0106001001,PA,Outboard,LAKE LM44_No1,デジタルオーディオ･システム･プロセッサー,2nd,
0106001002,PA,Outboard,LAKE LM44_No2,デジタルオーディオ･システム･プロセッサー,2nd,
0106001003,PA,Outboard,LAKE LM44_No3,デジタルオーディオ･システム･プロセッサー,2nd,2025年12月 田中から購入
0106001004,PA,Outboard,LAKE LM26,デジタルオーディオ･システム･プロセッサー,2nd,2025年12月 田中から購入
0106002001,PA,Outboard,RME FireFaceUCX_No1,オーディオインターフェイス,,
0106002002,PA,Outboard,RME FireFaceUCX_No2,オーディオインターフェイス,,
0106003001,PA,Outboard,Switch Rack_No1,スイッチ/メディアコンバータ,2nd,
0106003002,PA,Outboard,Switch Rack_No2,スイッチ/メディアコンバータ,2nd,
0106003003,PA,Outboard,Switch Rack_No3,スイッチ/メディアコンバータ,2nd,
0106004001,PA,Outboard,TASCAM US-4x4,オーディオインターフェイス,,
0106005001,PA,Outboard,iConnectivity PlayAudio 12_No1,オーディオインターフェイス,1st,
0106005002,PA,Outboard,iConnectivity PlayAudio 12_No2,オーディオインターフェイス,1st,2026年4月修理済み（USBコネクタNG）
0106005003,PA,Outboard,iConnectivity PlayAudio 1U No1,オーディオインターフェイス,1st,
0106005004,PA,Outboard,iConnectivity PlayAudio 1U No2,オーディオインターフェイス,1st,
0106006001,PA,Outboard,MOTU UrtraLite mk3 Hybrid　,オーディオインターフェイス,2nd,
0106007001,PA,Outboard,BEHRINGER UCA222_No1,オーディオインターフェイス,1st,
0106007002,PA,Outboard,BEHRINGER UCA222_No2,オーディオインターフェイス,1st,
0106007003,PA,Outboard,BEHRINGER UCA222_No3,オーディオインターフェイス,1st,
0106007004,PA,Outboard,BEHRINGER UCA222_No4,オーディオインターフェイス,1st,
0106007005,PA,Outboard,BEHRINGER UCA222_No5,オーディオインターフェイス,1st,
0106007006,PA,Outboard,BEHRINGER UCA222_No6,オーディオインターフェイス,1st,
0106008001,PA,Outboard,Native Instruments KOMPLETE AUDIO2,オーディオインターフェイス,1st,
0106009001,PA,Outboard,TASCAM iXZ_No1,マイク/ギターインターフェース,1st,
0106009002,PA,Outboard,TASCAM iXZ_No2,マイク/ギターインターフェース,1st,
0106010001,PA,Outboard,StudioTechnologies Model 45DR_No1,インカムインターフェイス,,
0106010002,PA,Outboard,StudioTechnologies Model 45DR_No2,インカムインターフェイス,,
0106010003,PA,Outboard,StudioTechnologies Model 45DR_No3,インカムインターフェイス,,
0106011001,PA,Outboard,YAMAHA Rio3224-D_No1,ステージボックス,2nd,
0106011002,PA,Outboard,YAMAHA Rio3224-D_No2,ステージボックス,2nd,
0106012001,PA,Outboard,YAMAHA Rio1608-D,ステージボックス,1st,2026年4月修理完了
0106013001,PA,Outboard,YAMAHA Rio1608-D2_No1,ステージボックス,1st,
0106013002,PA,Outboard,YAMAHA Rio1608-D2_No2,ステージボックス,1st,2026年4月導入
0106014001,PA,Outboard,WAVES IMPACT SERVER,SoundGrid Impact Server,1st,
0106015001,PA,Outboard,KLARK TEKNIK SQ1 EQ_No1,イコライザー,,
0106015002,PA,Outboard,KLARK TEKNIK SQ1 EQ_No2,イコライザー,,
0106016001,PA,Outboard,FURMAN PL PLUS DJ,パワーディストリビューター,1st,
0106017001,PA,Outboard,FURMAN AR1215J_No1,パワーディストリビューター,1st,
0106017002,PA,Outboard,FURMAN AR1215J_No2,パワーディストリビューター,1st,2025年12月 田中から購入
0106018001,PA,Outboard,FURMAN P-1800AR,パワーディストリビューター,1st,
0106019001,PA,Outboard,FURMAN P-1800PF R,パワーディストリビューター,1st,
0106020001,PA,Outboard,FURMAN M-8X_No1,パワーディストリビューター,1st,
0106020002,PA,Outboard,FURMAN M-8X_No2,パワーディストリビューター,1st,
0106020003,PA,Outboard,FURMAN M-8X_No3,パワーディストリビューター,1st,2025.11 導入
0106020004,PA,Outboard,FURMAN M-8X_No4,パワーディストリビューター,1st,2025.11 導入
0106021001,PA,Outboard,ユタカ電機 UPS610SP,UPS,1st,
0106022001,PA,Outboard,DRAWMER DA6_No1,ディストリビューションアンプ,1st,
0106022002,PA,Outboard,DRAWMER DA6_No2,ディストリビューションアンプ,1st,
0106022003,PA,Outboard,DRAWMER DA6_No3,ディストリビューションアンプ,1st,
0106022004,PA,Outboard,DRAWMER DA6_No4,ディストリビューションアンプ,1st,
0106022005,PA,Outboard,DRAWMER DA6_No5,ディストリビューションアンプ,1st,2025年9月導入
0106022006,PA,Outboard,DRAWMER DA6_No6,ディストリビューションアンプ,1st,2025年9月導入
0106022007,PA,Outboard,DRAWMER DA6_No7,ディストリビューションアンプ,1st,2025年12月 田中から購入
0106022008,PA,Outboard,DRAWMER DA6_No8,ディストリビューションアンプ,1st,2025年12月 田中から購入
0106023001,PA,Outboard,YAMAHA RSio64-D,I/Oラック,,
0106024001,PA,Outboard,YAMABISHI ACE-2K-B-S_No1,自動電圧調整器,2nd,
0106024002,PA,Outboard,YAMABISHI ACE-2K-B-S_No2,自動電圧調整器,2nd,
0106025001,PA,Outboard,seeedstudio RF Explorer,RFアナライザー,1st,2025年12月 田中から購入
0106026001,PA,Outboard,ROLAND OCTA-CAPTURE,オーディオインターフェイス,1st,2025年12月 田中から購入
0106027001,PA,Outboard,WavesLive DSPro StageGrid4000,SoundGrid互換 ステージボックス,1st,2026年6月導入
0106028001,PA,Outboard,WavesLive eMotion LV1 Control,Waves LV1コンソール用 拡張フェーダー,1st,2026年6月導入
0107001001,PA,Mic/DI,SHURE SM58_No1,ダイナミックマイク,1st,
0107001002,PA,Mic/DI,SHURE SM58_No2,ダイナミックマイク,1st,
0107001003,PA,Mic/DI,SHURE SM58_No3,ダイナミックマイク,1st,
0107001004,PA,Mic/DI,SHURE SM58_No4,ダイナミックマイク,1st,
0107001005,PA,Mic/DI,SHURE SM58_No5,ダイナミックマイク,1st,
0107001006,PA,Mic/DI,SHURE SM58_No6,ダイナミックマイク,1st,
0107001007,PA,Mic/DI,SHURE SM58_No7,ダイナミックマイク,1st,
0107001008,PA,Mic/DI,SHURE SM58_No8,ダイナミックマイク,1st,
0107001009,PA,Mic/DI,SHURE SM58_No9,ダイナミックマイク,1st,
0107001010,PA,Mic/DI,SHURE SM58_No10,ダイナミックマイク,1st,
0107001011,PA,Mic/DI,SHURE SM58_No11,ダイナミックマイク,1st,
0107001012,PA,Mic/DI,SHURE SM58_No12,ダイナミックマイク,1st,
0107001013,PA,Mic/DI,SHURE SM58_No13,ダイナミックマイク,1st,
0107001014,PA,Mic/DI,SHURE SM58_No14,ダイナミックマイク,1st,
0107001015,PA,Mic/DI,SHURE SM58_No15,ダイナミックマイク,1st,
0107001016,PA,Mic/DI,SHURE SM58_No16,ダイナミックマイク,1st,
0107001017,PA,Mic/DI,SHURE SM58_No17,ダイナミックマイク,1st,2025年12月 田中から購入
0107001018,PA,Mic/DI,SHURE SM58_No18,ダイナミックマイク,1st,2025年12月 田中から購入
0107001019,PA,Mic/DI,SHURE SM58_No19,ダイナミックマイク,1st,2025年12月 田中から購入
0107001020,PA,Mic/DI,SHURE SM58_No20,ダイナミックマイク,1st,2025年12月 田中から購入
0107001021,PA,Mic/DI,SHURE SM58_No21,ダイナミックマイク,1st,2025年12月 田中から購入
0107001022,PA,Mic/DI,SHURE SM58_No22,ダイナミックマイク,1st,2025年12月 田中から購入
0107001023,PA,Mic/DI,SHURE SM58_No23,ダイナミックマイク,1st,2025年12月 田中から購入
0107002001,PA,Mic/DI,SHURE SM58S_No1,ダイナミックマイク,1st,
0107002002,PA,Mic/DI,SHURE SM58S_No2,ダイナミックマイク,1st,
0107002003,PA,Mic/DI,SHURE SM58S_No3,ダイナミックマイク,1st,
0107002004,PA,Mic/DI,SHURE SM58S_No4,ダイナミックマイク,1st,
0107002005,PA,Mic/DI,SHURE SM58S_No5,ダイナミックマイク,1st,
0107002006,PA,Mic/DI,SHURE SM58S_No6,ダイナミックマイク,1st,
0107002007,PA,Mic/DI,SHURE SM58S_No7,ダイナミックマイク,1st,
0107002008,PA,Mic/DI,SHURE SM58S_No8,ダイナミックマイク,1st,
0107002009,PA,Mic/DI,SHURE SM58S_No9,ダイナミックマイク,1st,
0107002010,PA,Mic/DI,SHURE SM58S_No10,ダイナミックマイク,1st,
0107003001,PA,Mic/DI,SHURE SM57_No1,ダイナミックマイク,1st,
0107003002,PA,Mic/DI,SHURE SM57_No2,ダイナミックマイク,1st,
0107003003,PA,Mic/DI,SHURE SM57_No3,ダイナミックマイク,1st,
0107003004,PA,Mic/DI,SHURE SM57_No4,ダイナミックマイク,1st,
0107003005,PA,Mic/DI,SHURE SM57_No5,ダイナミックマイク,1st,
0107003006,PA,Mic/DI,SHURE SM57_No6,ダイナミックマイク,1st,
0107003007,PA,Mic/DI,SHURE SM57_No7,ダイナミックマイク,1st,
0107003008,PA,Mic/DI,SHURE SM57_No8,ダイナミックマイク,1st,
0107003009,PA,Mic/DI,SHURE SM57_No9,ダイナミックマイク,1st,
0107003010,PA,Mic/DI,SHURE SM57_No10,ダイナミックマイク,1st,
0107003011,PA,Mic/DI,SHURE SM57_No11,ダイナミックマイク,1st,2025年12月 田中から購入
0107003012,PA,Mic/DI,SHURE SM57_No12,ダイナミックマイク,1st,2025年12月 田中から購入
0107003013,PA,Mic/DI,SHURE SM57_No13,ダイナミックマイク,1st,2025年12月 田中から購入
0107003014,PA,Mic/DI,SHURE SM57_No14,ダイナミックマイク,1st,2025年12月 田中から購入
0107003015,PA,Mic/DI,SHURE SM57_No15,ダイナミックマイク,1st,2025年12月 田中から購入
0107003016,PA,Mic/DI,SHURE SM57_No16,ダイナミックマイク,1st,2025年12月 田中から購入
0107004001,PA,Mic/DI,SHURE KSM8/B,ダイナミックマイク,1st,
0107005001,PA,Mic/DI,SHURE 55SH Series II,ダイナミックマイク,1st,
0107006001,PA,Mic/DI,SHURE BETA58A_No1,ダイナミックマイク,1st,
0107006002,PA,Mic/DI,SHURE BETA58A_No2,ダイナミックマイク,1st,
0107006003,PA,Mic/DI,SHURE BETA58A_No3,ダイナミックマイク,1st,2025年12月 田中から購入
0107006004,PA,Mic/DI,SHURE BETA58A_No4,ダイナミックマイク,1st,2025年12月 田中から購入
0107007001,PA,Mic/DI,SHURE BETA57A_No1,ダイナミックマイク,1st,
0107007002,PA,Mic/DI,SHURE BETA57A_No2,ダイナミックマイク,1st,
0107007003,PA,Mic/DI,SHURE BETA57A_No3,ダイナミックマイク,1st,2025年12月 田中から購入
0107007004,PA,Mic/DI,SHURE BETA57A_No4,ダイナミックマイク,1st,2025年12月 田中から購入
0107007005,PA,Mic/DI,SHURE BETA57A_No5,ダイナミックマイク,1st,2025年12月 田中から購入
0107008001,PA,Mic/DI,SHURE BETA91A,バウンダリーマイク,1st,
0107009001,PA,Mic/DI,SHURE MX418D/C*4_No1,グースネックマイク,1st,
0107009002,PA,Mic/DI,SHURE MX418D/C*4_No2,グースネックマイク,1st,
0107010001,PA,Mic/DI,SHURE SM35XLR_No1,ヘッドセットマイク,1st,
0107010002,PA,Mic/DI,SHURE SM35XLR_No2,ヘッドセットマイク,1st,
0107010003,PA,Mic/DI,SHURE SM35XLR_No3,ヘッドセットマイク,1st,
0107010004,PA,Mic/DI,SHURE SM35XLR_No4,ヘッドセットマイク,1st,
0107011001,PA,Mic/DI,SENNHEISER e845S_No1,ダイナミックマイク,1st,
0107011002,PA,Mic/DI,SENNHEISER e845S_No2,ダイナミックマイク,1st,
0107011003,PA,Mic/DI,SENNHEISER e845S_No3,ダイナミックマイク,1st,2025年12月 田中から購入
0107011004,PA,Mic/DI,SENNHEISER e845S_No4,ダイナミックマイク,1st,2025年12月 田中から購入
0107012001,PA,Mic/DI,SENNHEISER e945_No1,ダイナミックマイク,1st,
0107012002,PA,Mic/DI,SENNHEISER e945_No2,ダイナミックマイク,1st,
0107013001,PA,Mic/DI,SENNHEISER e902_No1,ダイナミックマイク,1st,
0107013002,PA,Mic/DI,SENNHEISER e902_No2,ダイナミックマイク,1st,
0107013003,PA,Mic/DI,SENNHEISER e902_No3,ダイナミックマイク,1st,2025年12月 田中から購入
0107014001,PA,Mic/DI,SENNHEISER e904_No1,ダイナミックマイク,1st,
0107014002,PA,Mic/DI,SENNHEISER e904_No2,ダイナミックマイク,1st,
0107014003,PA,Mic/DI,SENNHEISER e904_No3,ダイナミックマイク,1st,
0107014004,PA,Mic/DI,SENNHEISER e904_No4,ダイナミックマイク,1st,
0107014005,PA,Mic/DI,SENNHEISER e904_No5,ダイナミックマイク,1st,
0107014006,PA,Mic/DI,SENNHEISER e904_No6,ダイナミックマイク,1st,
0107014007,PA,Mic/DI,SENNHEISER e904_No7,ダイナミックマイク,1st,
0107014008,PA,Mic/DI,SENNHEISER e904_No8,ダイナミックマイク,1st,
0107014009,PA,Mic/DI,SENNHEISER e904_No9,ダイナミックマイク,1st,
0107014010,PA,Mic/DI,SENNHEISER e904_No10,ダイナミックマイク,1st,
0107015001,PA,Mic/DI,SENNHEISER e906_No1,ダイナミックマイク,1st,
0107015002,PA,Mic/DI,SENNHEISER e906_No2,ダイナミックマイク,1st,
0107016001,PA,Mic/DI,audio-technica ATM25,ダイナミックマイク,1st,
0107017001,PA,Mic/DI,AKG C451B_No1,コンデンサーマイク,1st,
0107017002,PA,Mic/DI,AKG C451B_No2,コンデンサーマイク,1st,
0107017003,PA,Mic/DI,AKG C451B_No3,コンデンサーマイク,1st,2026年1月導入
0107017004,PA,Mic/DI,AKG C451B_No4,コンデンサーマイク,1st,2026年1月導入
0107018001,PA,Mic/DI,AKG C414 XLⅡ_No1,コンデンサーマイク,1st,
0107018002,PA,Mic/DI,AKG C414 XLⅡ_No2,コンデンサーマイク,1st,
0107019001,PA,Mic/DI,CROWN PCC-160_No1,バウンダリーマイク,1st,
0107019002,PA,Mic/DI,CROWN PCC-160_No2,バウンダリーマイク,1st,
0107020001,PA,Mic/DI,DPA 4099Hi_No1,コンデンサーマイク,1st,
0107020002,PA,Mic/DI,DPA 4099Hi_No2,コンデンサーマイク,1st,
0107020003,PA,Mic/DI,DPA 4099Hi_No3,コンデンサーマイク,1st,2025年12月 田中から購入
0107020004,PA,Mic/DI,DPA 4099Hi_No4,コンデンサーマイク,1st,2025年12月 田中から購入
0107020005,PA,Mic/DI,DPA 4099Hi_No5,コンデンサーマイク,1st,2025年12月 田中から購入
0107021001,PA,Mic/DI,DPA PC4099*2_No1,4099用ピアノアタッチメント2個入り,1st,
0107021002,PA,Mic/DI,DPA PC4099*2_No2,4099用ピアノアタッチメント2個入り,1st,
0107022001,PA,Mic/DI,DPA STC4099_No1,4099用クリップアタッチメント,1st,
0107022002,PA,Mic/DI,DPA STC4099_No2,4099用クリップアタッチメント,1st,
0107023001,PA,Mic/DI,DPA VC4099_No1,4099用バイオリンアタッチメント,1st,
0107023002,PA,Mic/DI,DPA VC4099_No2,4099用バイオリンアタッチメント,1st,
0107024001,PA,Mic/DI,EARTHWORKS M30_No1,測定マイク,1st,
0107024002,PA,Mic/DI,EARTHWORKS M30_No2,測定マイク,1st,
0107025001,PA,Mic/DI,RationalAcoustic RTA420,測定マイク,1st,
0107026001,PA,Mic/DI,WhirlWind PCDI_No1,パッシブダイレクトボックス,1st,
0107026002,PA,Mic/DI,WhirlWind PCDI_No2,パッシブダイレクトボックス,1st,
0107026003,PA,Mic/DI,WhirlWind PCDI_No3,パッシブダイレクトボックス,1st,
0107026004,PA,Mic/DI,WhirlWind PCDI_No4,パッシブダイレクトボックス,1st,
0107026005,PA,Mic/DI,WhirlWind PCDI_No5,パッシブダイレクトボックス,1st,
0107026006,PA,Mic/DI,WhirlWind PCDI_No6,パッシブダイレクトボックス,1st,
0107026007,PA,Mic/DI,WhirlWind PCDI_No7,パッシブダイレクトボックス,1st,
0107026008,PA,Mic/DI,WhirlWind PCDI_No8,パッシブダイレクトボックス,1st,
0107027001,PA,Mic/DI,WhirlWind PC USB_No1,USBダイレクトボックス,1st,
0107027002,PA,Mic/DI,WhirlWind PC USB_No2,USBダイレクトボックス,1st,
0107027003,PA,Mic/DI,WhirlWind PC USB_No3,USBダイレクトボックス,1st,
0107027004,PA,Mic/DI,WhirlWind PC USB_No4,USBダイレクトボックス,1st,
0107027005,PA,Mic/DI,WhirlWind PC USB_No5,USBダイレクトボックス,1st,
0107027006,PA,Mic/DI,WhirlWind PC USB_No6,USBダイレクトボックス,1st,
0107027007,PA,Mic/DI,WhirlWind PC USB_No7,USBダイレクトボックス,1st,
0107027008,PA,Mic/DI,WhirlWind PC USB_No8,USBダイレクトボックス,1st,
0107028001,PA,Mic/DI,Radial USB pro_No1,USBダイレクトボックス,1st,
0107028002,PA,Mic/DI,Radial USB pro_No2,USBダイレクトボックス,1st,
0107029001,PA,Mic/DI,Radial Twin-ISO_No1,2chアイソレーター,1st,
0107029002,PA,Mic/DI,Radial Twin-ISO_No2,2chアイソレーター,1st,
0107029003,PA,Mic/DI,Radial Twin-ISO_No3,2chアイソレーター,1st,
0107029004,PA,Mic/DI,Radial Twin-ISO_No4,2chアイソレーター,1st,
0107030001,PA,Mic/DI,Radial J48_No1,アクティブダイレクトボックス,1st,
0107030002,PA,Mic/DI,Radial J48_No2,アクティブダイレクトボックス,1st,
0107030003,PA,Mic/DI,Radial J48_No3,アクティブダイレクトボックス,1st,
0107030004,PA,Mic/DI,Radial J48_No4,アクティブダイレクトボックス,1st,
0107030005,PA,Mic/DI,Radial J48_No5,アクティブダイレクトボックス,1st,2025年12月 田中から購入
0107031001,PA,Mic/DI,Radial J48Stereo_No1,アクティブダイレクトボックス ステレオ,1st,
0107031002,PA,Mic/DI,Radial J48Stereo_No2,アクティブダイレクトボックス ステレオ,1st,
0107032001,PA,Mic/DI,Radial JDI Stereo,パッシブダイレクトボックス,1st,
0107033002,PA,Mic/DI,COUNTRYMAN TYPE85_No2,アクティブダイレクトボックス,1st,
0107034001,PA,Mic/DI,BOSS DI-1_No1,アクティブダイレクトボックス,1st,
0107034002,PA,Mic/DI,BOSS DI-1_No2,アクティブダイレクトボックス,1st,
0107034003,PA,Mic/DI,BOSS DI-1_No3,アクティブダイレクトボックス,1st,2025年12月 田中から購入
0107034004,PA,Mic/DI,BOSS DI-1_No4,アクティブダイレクトボックス,1st,2025年12月 田中から購入
0107034005,PA,Mic/DI,BOSS DI-1_No5,アクティブダイレクトボックス,1st,2025年12月 田中から購入
0107034006,PA,Mic/DI,BOSS DI-1_No6,アクティブダイレクトボックス,1st,2025年12月 田中から購入
0107035001,PA,Mic/DI,audio-tecnica AT-4050_No1,コンデンサーマイク,1st,
0107035002,PA,Mic/DI,audio-tecnica AT-4050_No2,コンデンサーマイク,1st,
0107036001,PA,Mic/DI,SM58 風防 8個,SM58 風防 8個,1st,
0107037001,PA,Mic/DI,SM58 風防 300Series 8個 No1,SM58 風防 300Series 8個 No1,1st,
0107037002,PA,Mic/DI,SM58 風防 300Series 8個 No2,SM58 風防 300Series 8個 No2,1st,
0107038001,PA,Mic/DI,SM57 風防 3個,SM57 風防 3個,1st,
0107039001,PA,Mic/DI,audio-technica AT8449a_No1,AT4050用ホルダー,1st,
0107039002,PA,Mic/DI,audio-technica AT8449a_No2,AT4050用ホルダー,1st,
0107040001,PA,Mic/DI,SHURE 565SD-LC_No1,ダイナミックマイク,1st,
0107040002,PA,Mic/DI,SHURE 565SD-LC_No2,ダイナミックマイク,1st,
0107041001,PA,Mic/DI,SENNHEISER MD421_No1,ダイナミックマイク,1st,2025年12月 田中から購入
0107041002,PA,Mic/DI,SENNHEISER MD421_No2,ダイナミックマイク,1st,2025年12月 田中から購入
0107042001,PA,Mic/DI,SENNHEISER e903_No1,ダイナミックマイク,1st,2025年12月 田中から購入
0107043001,PA,Mic/DI,SENNHEISER e606_No1,ダイナミックマイク,1st,2025年12月 田中から購入
0107044001,PA,Mic/DI,SENNHEISER e901_No1,コンデンサーマイク,1st,2025年12月 田中から購入
0107045001,PA,Mic/DI,Radial ProD2_No1,パッシブダイレクトボックス ステレオ,1st,2025年12月 田中から購入
0107045002,PA,Mic/DI,Radial ProD2_No2,パッシブダイレクトボックス ステレオ,1st,2025年12月 田中から購入
0107046001,PA,Mic/DI,Radial IceCube IC-1_No1,1ch アイソレーター,1st,2025年12月 田中から購入
0107046002,PA,Mic/DI,Radial IceCube IC-1_No2,1ch アイソレーター,1st,2025年12月 田中から購入
0107047001,PA,Mic/DI,DPA 4090_No1,測定マイク,1st,2025年12月 田中から購入
0107047002,PA,Mic/DI,DPA 4090_No2,測定マイク,1st,2025年12月 田中から購入
0107047003,PA,Mic/DI,DPA 4090_No3,測定マイク,1st,
0107047004,PA,Mic/DI,DPA 4090_No4,測定マイク,1st,2025年12月 田中から購入
0107048001,PA,Mic/DI,Barcusberry 4000XL,ピアノ/ハープ用マイクシステム,1st,2025年12月 田中から購入
0107049001,PA,Mic/DI,AudioTechnica ATM25_No1,ダイナミックマイク,1st,2025年12月 田中から購入
0107050001,PA,Mic/DI,AudioTechnica AT-X3_No1,ダイナミックマイク,1st,2025年12月 田中から購入
0107050002,PA,Mic/DI,AudioTechnica AT-X3_No2,ダイナミックマイク,1st,2025年12月 田中から購入
0108001001,PA,WirelessMic/IEM,SHURE ULXD4D-G50 Rack_No1,ワイヤレスレシーバーラック,1st,
0108001002,PA,WirelessMic/IEM,SHURE ULXD4D-G50 Rack_No2,ワイヤレスレシーバーラック,1st,
0108002001,PA,WirelessMic/IEM,SHURE ULXD4D-J51 Rack_No1,ワイヤレスレシーバーラック,1st,
0108002002,PA,WirelessMic/IEM,SHURE ULXD4D-J51 Rack_No2,ワイヤレスレシーバーラック,1st,
0108003001,PA,WirelessMic/IEM,SHURE ULXD4D-L53 Rack_No1,ワイヤレスレシーバーラック,1st,
0108003002,PA,WirelessMic/IEM,SHURE ULXD4D-L53 Rack_No2,ワイヤレスレシーバーラック,1st,
0108004001,PA,WirelessMic/IEM,SHURE ULXD4D-Z16 Rack_No1,ワイヤレスレシーバーラック,1st,
0108004002,PA,WirelessMic/IEM,SHURE ULXD4D-Z16 Rack_No2,ワイヤレスレシーバーラック,1st,
0108005001,PA,WirelessMic/IEM,SHURE ULXD1-G50_No1,ボディパックトランスミッタ,1st,
0108005002,PA,WirelessMic/IEM,SHURE ULXD1-G50_No2,ボディパックトランスミッタ,1st,
0108005003,PA,WirelessMic/IEM,SHURE ULXD1-G50_No3,ボディパックトランスミッタ,1st,
0108005004,PA,WirelessMic/IEM,SHURE ULXD1-G50_No4,ボディパックトランスミッタ,1st,
0108006001,PA,WirelessMic/IEM,SHURE ULXD1-J51_No1,ボディパックトランスミッタ,1st,
0108006002,PA,WirelessMic/IEM,SHURE ULXD1-J51_No2,ボディパックトランスミッタ,1st,
0108006003,PA,WirelessMic/IEM,SHURE ULXD1-J51_No3,ボディパックトランスミッタ,1st,
0108006004,PA,WirelessMic/IEM,SHURE ULXD1-J51_No4,ボディパックトランスミッタ,1st,
0108007001,PA,WirelessMic/IEM,SHURE ULXD1-L53_No1,ボディパックトランスミッタ,1st,
0108007002,PA,WirelessMic/IEM,SHURE ULXD1-L53_No2,ボディパックトランスミッタ,1st,
0108007003,PA,WirelessMic/IEM,SHURE ULXD1-L53_No3,ボディパックトランスミッタ,1st,
0108007004,PA,WirelessMic/IEM,SHURE ULXD1-L53_No4,ボディパックトランスミッタ,1st,
0108007005,PA,WirelessMic/IEM,SHURE ULXD1-L53_No5,ボディパックトランスミッタ,1st,
0108007006,PA,WirelessMic/IEM,SHURE ULXD1-L53_No6,ボディパックトランスミッタ,1st,
0108007007,PA,WirelessMic/IEM,SHURE ULXD1-L53_No7,ボディパックトランスミッタ,1st,
0108007008,PA,WirelessMic/IEM,SHURE ULXD1-L53_No8,ボディパックトランスミッタ,1st,
0108008001,PA,WirelessMic/IEM,SHURE ULXD1-Z16_No1,ボディパックトランスミッタ,1st,
0108008002,PA,WirelessMic/IEM,SHURE ULXD1-Z16_No2,ボディパックトランスミッタ,1st,
0108008003,PA,WirelessMic/IEM,SHURE ULXD1-Z16_No3,ボディパックトランスミッタ,1st,
0108008004,PA,WirelessMic/IEM,SHURE ULXD1-Z16_No4,ボディパックトランスミッタ,1st,
0108008005,PA,WirelessMic/IEM,SHURE ULXD1-Z16_No5,ボディパックトランスミッタ,1st,
0108008006,PA,WirelessMic/IEM,SHURE ULXD1-Z16_No6,ボディパックトランスミッタ,1st,
0108008007,PA,WirelessMic/IEM,SHURE ULXD1-Z16_No7,ボディパックトランスミッタ,1st,
0108008008,PA,WirelessMic/IEM,SHURE ULXD1-Z16_No8,ボディパックトランスミッタ,1st,
0108009001,PA,WirelessMic/IEM,SHURE ULXD2/SM58-G50_No1,ハンドヘルドトランスミッタ,1st,
0108009002,PA,WirelessMic/IEM,SHURE ULXD2/SM58-G50_No2,ハンドヘルドトランスミッタ,1st,
0108009003,PA,WirelessMic/IEM,SHURE ULXD2/SM58-G50_No3,ハンドヘルドトランスミッタ,1st,
0108009004,PA,WirelessMic/IEM,SHURE ULXD2/SM58-G50_No4,ハンドヘルドトランスミッタ,1st,
0108009005,PA,WirelessMic/IEM,SHURE ULXD2/SM58-G50_No5,ハンドヘルドトランスミッタ,1st,
0108009006,PA,WirelessMic/IEM,SHURE ULXD2/SM58-G50_No6,ハンドヘルドトランスミッタ,1st,
0108009007,PA,WirelessMic/IEM,SHURE ULXD2/SM58-G50_No7,ハンドヘルドトランスミッタ,1st,
0108009008,PA,WirelessMic/IEM,SHURE ULXD2/SM58-G50_No8,ハンドヘルドトランスミッタ,1st,
0108010001,PA,WirelessMic/IEM,SHURE ULXD2/SM58-J51_No1,ハンドヘルドトランスミッタ,1st,2026.3修理戻り
0108010002,PA,WirelessMic/IEM,SHURE ULXD2/SM58-J51_No2,ハンドヘルドトランスミッタ,1st,
0108010003,PA,WirelessMic/IEM,SHURE ULXD2/SM58-J51_No3,ハンドヘルドトランスミッタ,1st,
0108010004,PA,WirelessMic/IEM,SHURE ULXD2/SM58-J51_No4,ハンドヘルドトランスミッタ,1st,
0108010005,PA,WirelessMic/IEM,SHURE ULXD2/SM58-J51_No5,ハンドヘルドトランスミッタ,1st,
0108010006,PA,WirelessMic/IEM,SHURE ULXD2/SM58-J51_No6,ハンドヘルドトランスミッタ,1st,
0108010007,PA,WirelessMic/IEM,SHURE ULXD2/SM58-J51_No7,ハンドヘルドトランスミッタ,1st,
0108010008,PA,WirelessMic/IEM,SHURE ULXD2/SM58-J51_No8,ハンドヘルドトランスミッタ,1st,
0108011001,PA,WirelessMic/IEM,SHURE ULXD2/SM58-L53_No1,ハンドヘルドトランスミッタ,1st,2026年7月修理
0108011002,PA,WirelessMic/IEM,SHURE ULXD2/SM58-L53_No2,ハンドヘルドトランスミッタ,1st,
0108011003,PA,WirelessMic/IEM,SHURE ULXD2/SM58-L53_No3,ハンドヘルドトランスミッタ,1st,
0108011004,PA,WirelessMic/IEM,SHURE ULXD2/SM58-L53_No4,ハンドヘルドトランスミッタ,1st,
0108011005,PA,WirelessMic/IEM,SHURE ULXD2/SM58-L53_No5,ハンドヘルドトランスミッタ,1st,
0108011006,PA,WirelessMic/IEM,SHURE ULXD2/SM58-L53_No6,ハンドヘルドトランスミッタ,1st,
0108011007,PA,WirelessMic/IEM,SHURE ULXD2/SM58-L53_No7,ハンドヘルドトランスミッタ,1st,
0108011008,PA,WirelessMic/IEM,SHURE ULXD2/SM58-L53_No8,ハンドヘルドトランスミッタ,1st,
0108012001,PA,WirelessMic/IEM,SHURE ULXD2/SM58-Z16_No1,ハンドヘルドトランスミッタ,1st,
0108012002,PA,WirelessMic/IEM,SHURE ULXD2/SM58-Z16_No2,ハンドヘルドトランスミッタ,1st,
0108012003,PA,WirelessMic/IEM,SHURE ULXD2/SM58-Z16_No3,ハンドヘルドトランスミッタ,1st,
0108012004,PA,WirelessMic/IEM,SHURE ULXD2/SM58-Z16_No4,ハンドヘルドトランスミッタ,1st,
0108012005,PA,WirelessMic/IEM,SHURE ULXD2/SM58-Z16_No5,ハンドヘルドトランスミッタ,1st,
0108012006,PA,WirelessMic/IEM,SHURE ULXD2/SM58-Z16_No6,ハンドヘルドトランスミッタ,1st,
0108012007,PA,WirelessMic/IEM,SHURE ULXD2/SM58-Z16_No7,ハンドヘルドトランスミッタ,1st,
0108012008,PA,WirelessMic/IEM,SHURE ULXD2/SM58-Z16_No8,ハンドヘルドトランスミッタ,1st,
0108013001,PA,WirelessMic/IEM,SHURE PSM1000 P10R-G10J_No1,IEMボディパックレシーバー,1st,
0108013002,PA,WirelessMic/IEM,SHURE PSM1000 P10R-G10J_No2,IEMボディパックレシーバー,1st,
0108014001,PA,WirelessMic/IEM,SHURE PSM1000 P10R-J8J_No1,IEMボディパックレシーバー,1st,
0108014002,PA,WirelessMic/IEM,SHURE PSM1000 P10R-J8J_No2,IEMボディパックレシーバー,1st,
0108015001,PA,WirelessMic/IEM,SHURE PSM1000 P10R-L8J_No1,IEMボディパックレシーバー,1st,
0108015002,PA,WirelessMic/IEM,SHURE PSM1000 P10R-L8J_No2,IEMボディパックレシーバー,1st,
0108016001,PA,WirelessMic/IEM,SHURE PSM1000 P10R-L11J_No1,IEMボディパックレシーバー,1st,
0108016002,PA,WirelessMic/IEM,SHURE PSM1000 P10R-L11J_No2,IEMボディパックレシーバー,1st,
0108016003,PA,WirelessMic/IEM,SHURE PSM1000 P10R-L11J_No3,IEMボディパックレシーバー,1st,
0108016004,PA,WirelessMic/IEM,SHURE PSM1000 P10R-L11J_No4,IEMボディパックレシーバー,1st,
0108017001,PA,WirelessMic/IEM,SHURE PSM1000 P10T-G10J,IEMデュアルトランスミッタ,1st,
0108018001,PA,WirelessMic/IEM,SHURE PSM1000 P10T-J8J,IEMデュアルトランスミッタ,1st,
0108019001,PA,WirelessMic/IEM,SHURE PSM1000 P10T-L8J,IEMデュアルトランスミッタ,1st,
0108020001,PA,WirelessMic/IEM,SHURE PSM1000 P10T-L11J,IEMデュアルトランスミッタ,1st,
0108021001,PA,WirelessMic/IEM,SHURE UA830WB*2_No1,アンテナブースター,1st,
0108021002,PA,WirelessMic/IEM,SHURE UA830WB*2_No2,アンテナブースター,1st,
0108022001,PA,WirelessMic/IEM,SHURE UA874*2_No1,アンテナブースター（パドル型）,1st,
0108022002,PA,WirelessMic/IEM,SHURE UA874*2_No2,アンテナブースター（パドル型）,1st,
0108023001,PA,WirelessMic/IEM,SHURE UA834-Z16*2_No1,アンテナブースター,1st,
0108023002,PA,WirelessMic/IEM,SHURE UA834-Z16*2_No2,アンテナブースター,1st,
0108024001,PA,WirelessMic/IEM,SHURE UA874-Z16*2,アンテナブースター（パドル型）,1st,
0108025001,PA,WirelessMic/IEM,SHURE UA221C*2_No1,パッシブアンテナ混合キット,1st,
0108025002,PA,WirelessMic/IEM,SHURE UA221C*2_No2,パッシブアンテナ混合キット,1st,
0108026001,PA,WirelessMic/IEM,SHURE PA805*2,指向性アンテナ,1st,
0108027001,PA,WirelessMic/IEM,SHURE SM35TQG_No1,ヘッドセットマイク（TA4F),1st,
0108027002,PA,WirelessMic/IEM,SHURE SM35TQG_No2,ヘッドセットマイク（TA4F),1st,
0108027003,PA,WirelessMic/IEM,SHURE SM35TQG_No3,ヘッドセットマイク（TA4F),1st,
0108027004,PA,WirelessMic/IEM,SHURE SM35TQG_No4,ヘッドセットマイク（TA4F),1st,
0108027005,PA,WirelessMic/IEM,SHURE SM35TQG_No5,ヘッドセットマイク（TA4F),1st,
0108027006,PA,WirelessMic/IEM,SHURE SM35TQG_No6,ヘッドセットマイク（TA4F),1st,
0108027007,PA,WirelessMic/IEM,SHURE SM35TQG_No7,ヘッドセットマイク（TA4F),1st,
0108027008,PA,WirelessMic/IEM,SHURE SM35TQG_No8,ヘッドセットマイク（TA4F),1st,
0108028001,PA,WirelessMic/IEM,SHURE MX150B/C-TQG_No1,ラべリアマイク（TA4F),1st,
0108028002,PA,WirelessMic/IEM,SHURE MX150B/C-TQG_No2,ラべリアマイク（TA4F),1st,
0108028003,PA,WirelessMic/IEM,SHURE MX150B/C-TQG_No3,ラべリアマイク（TA4F),1st,
0108028004,PA,WirelessMic/IEM,SHURE MX150B/C-TQG_No4,ラべリアマイク（TA4F),1st,
0108029001,PA,WirelessMic/IEM,DPA 4088-F_No1,ヘッドセットマイク（MicroDot）,1st,
0108029002,PA,WirelessMic/IEM,DPA 4088-F_No2,ヘッドセットマイク（MicroDot）,1st,
0108029003,PA,WirelessMic/IEM,DPA 4088-F_No3,ヘッドセットマイク（MicroDot）,1st,
0108029004,PA,WirelessMic/IEM,DPA 4088-F_No4,ヘッドセットマイク（MicroDot）,1st,
0108029005,PA,WirelessMic/IEM,DPA 4088-F_No5,ヘッドセットマイク（MicroDot）,1st,
0108029006,PA,WirelessMic/IEM,DPA 4088-F_No6,ヘッドセットマイク（MicroDot）,1st,
0108030001,PA,WirelessMic/IEM,DPA 4080-BM_No1,ラべリアマイク（MicroDot）,1st,
0108030002,PA,WirelessMic/IEM,DPA 4080-BM_No2,ラべリアマイク（MicroDot）,1st,
0108030003,PA,WirelessMic/IEM,DPA 4080-BM_No3,ラべリアマイク（MicroDot）,1st,
0108030004,PA,WirelessMic/IEM,DPA 4080-BM_No4,ラべリアマイク（MicroDot）,1st,
0108030005,PA,WirelessMic/IEM,DPA 4080-BM_No5,ラべリアマイク（MicroDot）,1st,
0108030006,PA,WirelessMic/IEM,DPA 4080-BM_No6,ラべリアマイク（MicroDot）,1st,
0108030007,PA,WirelessMic/IEM,DPA 4080-BM_No7,ラべリアマイク（MicroDot）,1st,
0108030008,PA,WirelessMic/IEM,DPA 4080-BM_No8,ラべリアマイク（MicroDot）,1st,
0108031001,PA,WirelessMic/IEM,DPA 4080-DC-D-B10_No1,ラべリアマイク（TA4F),1st,
0108031002,PA,WirelessMic/IEM,DPA 4080-DC-D-B10_No2,ラべリアマイク（TA4F),1st,
0108031003,PA,WirelessMic/IEM,DPA 4080-DC-D-B10_No3,ラべリアマイク（TA4F),1st,
0108031004,PA,WirelessMic/IEM,DPA 4080-DC-D-B10_No4,ラべリアマイク（TA4F),1st,
0108031005,PA,WirelessMic/IEM,DPA 4080-DC-D-B10_No5,ラべリアマイク（TA4F),1st,
0108031006,PA,WirelessMic/IEM,DPA 4080-DC-D-B10_No6,ラべリアマイク（TA4F),1st,
0108031007,PA,WirelessMic/IEM,DPA 4080-DC-D-B10_No7,ラべリアマイク（TA4F),1st,
0108031008,PA,WirelessMic/IEM,DPA 4080-DC-D-B10_No8,ラべリアマイク（TA4F),1st,
0108032001,PA,WirelessMic/IEM,DPA-SHURE_No1,MicroDot to TA4F,1st,
0108032002,PA,WirelessMic/IEM,DPA-SHURE_No2,MicroDot to TA4F,1st,
0108032003,PA,WirelessMic/IEM,DPA-SHURE_No3,MicroDot to TA4F,1st,
0108032004,PA,WirelessMic/IEM,DPA-SHURE_No4,MicroDot to TA4F,1st,
0108032005,PA,WirelessMic/IEM,DPA-SHURE_No5,MicroDot to TA4F,1st,
0108032006,PA,WirelessMic/IEM,DPA-SHURE_No6,MicroDot to TA4F,1st,
0108032007,PA,WirelessMic/IEM,DPA-SHURE_No7,MicroDot to TA4F,1st,
0108032008,PA,WirelessMic/IEM,DPA-SHURE_No8,MicroDot to TA4F,1st,
0108033001,PA,WirelessMic/IEM,DPA-XLR_No1,MicroDot to XLR12C,1st,
0108033002,PA,WirelessMic/IEM,DPA-XLR_No2,MicroDot to XLR12C,1st,
0108034001,PA,WirelessMic/IEM,SHURE WA580B Black_No1,ボディパック用ポーチ（黒）,1st,
0108034002,PA,WirelessMic/IEM,SHURE WA580B Black_No2,ボディパック用ポーチ（黒）,1st,
0108034003,PA,WirelessMic/IEM,SHURE WA580B Black_No3,ボディパック用ポーチ（黒）,1st,
0108034004,PA,WirelessMic/IEM,SHURE WA580B Black_No4,ボディパック用ポーチ（黒）,1st,
0108034005,PA,WirelessMic/IEM,SHURE WA580B Black_No5,ボディパック用ポーチ（黒）,1st,
0108034006,PA,WirelessMic/IEM,SHURE WA580B Black_No6,ボディパック用ポーチ（黒）,1st,
0108034007,PA,WirelessMic/IEM,SHURE WA580B Black_No7,ボディパック用ポーチ（黒）,1st,
0108034008,PA,WirelessMic/IEM,SHURE WA580B Black_No8,ボディパック用ポーチ（黒）,1st,
0108034009,PA,WirelessMic/IEM,SHURE WA580B Black_No9,ボディパック用ポーチ（黒）,1st,
0108034010,PA,WirelessMic/IEM,SHURE WA580B Black_No10,ボディパック用ポーチ（黒）,1st,
0108034011,PA,WirelessMic/IEM,ボディパック用ポーチ（黒）ベルトのみ,ボディパック用ポーチ（黒）ベルトのみ,1st,
0108035001,PA,WirelessMic/IEM,SHURE WA580B White_No1,ボディパック用ポーチ（白）,1st,
0108035002,PA,WirelessMic/IEM,SHURE WA580B White_No2,ボディパック用ポーチ（白）,1st,
0108035003,PA,WirelessMic/IEM,SHURE WA580B White_No3,ボディパック用ポーチ（白）,1st,
0108035004,PA,WirelessMic/IEM,SHURE WA580B White_No4,ボディパック用ポーチ（白）,1st,
0108036001,PA,WirelessMic/IEM,SBC-800セット_No1,SBC-800セット_No1,1st,
0108036002,PA,WirelessMic/IEM,SBC-800セット_No2,SBC-800セット_No2,1st,
0108036003,PA,WirelessMic/IEM,SBC-800セット_No3,SBC-800セット_No3,1st,
0108036004,PA,WirelessMic/IEM,SBC-800セット_No4,SBC-800セット_No4,1st,
0108037001,PA,WirelessMic/IEM,SHURE WA304,TS-TA4F*4,1st,
0108038001,PA,WirelessMic/IEM,カイロバッグ 6個入り,カイロバッグ 6個入り,1st,
0108039001,PA,WirelessMic/IEM,SHURE AD4QJ-Z16_No1,ワイヤレス4chレシーバー,1st,
0108039002,PA,WirelessMic/IEM,SHURE AD4QJ-Z16_No2,ワイヤレス4chレシーバー,1st,
0108040001,PA,WirelessMic/IEM,SHURE AD2/K11N-Z16_No1,ハンドヘルドトランスミッタ,1st,KSM11カプセル
0108040002,PA,WirelessMic/IEM,SHURE AD2/K11N-Z16_No2,ハンドヘルドトランスミッタ,1st,KSM11カプセル
0108040003,PA,WirelessMic/IEM,SHURE AD2/K11N-Z16_No3,ハンドヘルドトランスミッタ,1st,KSM11カプセル
0108040004,PA,WirelessMic/IEM,SHURE AD2/K11N-Z16_No4,ハンドヘルドトランスミッタ,1st,KSM11カプセル
0108040005,PA,WirelessMic/IEM,SHURE AD2/K11N-Z16_No5,ハンドヘルドトランスミッタ,1st,KSM11カプセル
0108040006,PA,WirelessMic/IEM,SHURE AD2/K11N-Z16_No6,ハンドヘルドトランスミッタ,1st,KSM11カプセル
0108040007,PA,WirelessMic/IEM,SHURE AD2/K11N-Z16_No7,ハンドヘルドトランスミッタ,1st,KSM11カプセル
0108040008,PA,WirelessMic/IEM,SHURE AD2/K11N-Z16_No8,ハンドヘルドトランスミッタ,1st,KSM11カプセル
0108041001,PA,WirelessMic/IEM,LINE6 XD-V70 送受信セット,2.4GHz ワイヤレスシステム,1st,2025年12月 田中から購入
0108042001,PA,WirelessMic/IEM,アンテナ用ハンガー2個入り_No1,アンテナ用ハンガー2個入り_No1,1st,
0108042002,PA,WirelessMic/IEM,アンテナ用ハンガー2個入り_No2,アンテナ用ハンガー2個入り_No2,1st,
0108043001,PA,WirelessMic/IEM,SHURE AD1-Z16_No1,ボディパックトランスミッタ,1st,2026年8月導入
0108043002,PA,WirelessMic/IEM,SHURE AD1-Z16_No2,ボディパックトランスミッタ,1st,2026年8月導入
0108043003,PA,WirelessMic/IEM,SHURE AD1-Z16_No3,ボディパックトランスミッタ,1st,2026年8月導入
0108043004,PA,WirelessMic/IEM,SHURE AD1-Z16_No4,ボディパックトランスミッタ,1st,2026年8月導入
0108043005,PA,WirelessMic/IEM,SHURE AD1-Z16_No5,ボディパックトランスミッタ,1st,2026年8月導入
0108043006,PA,WirelessMic/IEM,SHURE AD1-Z16_No6,ボディパックトランスミッタ,1st,2026年8月導入
0108043007,PA,WirelessMic/IEM,SHURE AD1-Z16_No7,ボディパックトランスミッタ,1st,2026年8月導入
0108043008,PA,WirelessMic/IEM,SHURE AD1-Z16_No8,ボディパックトランスミッタ,1st,2026年8月導入
0108044001,PA,WirelessMic/IEM,DPA 4088-DP-A-F10-LH-S_No1,ヘッドセットマイク TA4Fコネクタ,1st,2026年8月導入
0108044002,PA,WirelessMic/IEM,DPA 4088-DP-A-F10-LH-S_No2,ヘッドセットマイク TA4Fコネクタ,1st,2026年8月導入
0108044003,PA,WirelessMic/IEM,DPA 4088-DP-A-F10-LH-S_No3,ヘッドセットマイク TA4Fコネクタ,1st,2026年8月導入
0108044004,PA,WirelessMic/IEM,DPA 4088-DP-A-F10-LH-S_No4,ヘッドセットマイク TA4Fコネクタ,1st,2026年8月導入
0108044005,PA,WirelessMic/IEM,DPA 4088-DP-A-F10-LH-S_No5,ヘッドセットマイク TA4Fコネクタ,1st,2026年8月導入
0108044006,PA,WirelessMic/IEM,DPA 4088-DP-A-F10-LH-S_No6,ヘッドセットマイク TA4Fコネクタ,1st,2026年8月導入
0108044007,PA,WirelessMic/IEM,DPA 4088-DP-A-F10-LH-S_No7,ヘッドセットマイク TA4Fコネクタ,1st,2026年8月導入
0108044008,PA,WirelessMic/IEM,DPA 4088-DP-A-F10-LH-S_No8,ヘッドセットマイク TA4Fコネクタ,1st,2026年8月導入
0109001001,PA,MicStand,K&M 21020B*2_No1,標準ブームスタンド,1st,
0109001002,PA,MicStand,K&M 21020B*2_No2,標準ブームスタンド,1st,
0109001003,PA,MicStand,K&M 21020B*2_No3,標準ブームスタンド,1st,
0109001004,PA,MicStand,K&M 21020B*2_No4,標準ブームスタンド,1st,
0109001005,PA,MicStand,K&M 21020B*2_No5,標準ブームスタンド,1st,
0109001006,PA,MicStand,K&M 21020B*2_No6,標準ブームスタンド,1st,
0109001007,PA,MicStand,K&M 21020Bバラ_No1,標準ブームスタンド,2nd,
0109001008,PA,MicStand,K&M 21020Bバラ_No2,標準ブームスタンド,2nd,
0109001009,PA,MicStand,K&M 21020Bバラ_No3,標準ブームスタンド,2nd,
0109001010,PA,MicStand,K&M 21020Bバラ_No4,標準ブームスタンド,2nd,
0109001011,PA,MicStand,K&M 21020Bバラ_No5,標準ブームスタンド,2nd,
0109001012,PA,MicStand,K&M 21020Bバラ_No6,標準ブームスタンド,2nd,
0109001013,PA,MicStand,K&M 21020Bバラ_No7,標準ブームスタンド,2nd,
0109001014,PA,MicStand,K&M 21020Bバラ_No8,標準ブームスタンド,2nd,
0109001015,PA,MicStand,K&M 21020Bバラ_No9,標準ブームスタンド,2nd,
0109001016,PA,MicStand,K&M 21020Bバラ_No10,標準ブームスタンド,2nd,
0109002001,PA,MicStand,K&M 201B(For Antenna)*2_No1,アンテナ用ストレートスタンド,1st,
0109002002,PA,MicStand,K&M 201B(For Antenna)*2_No2,アンテナ用ストレートスタンド,1st,
0109002003,PA,MicStand,K&M 201B(For Antenna)*2_No3,アンテナ用ストレートスタンド,1st,
0109002004,PA,MicStand,K&M 20120(For Antenna)*2_No4,アンテナ用ストレートスタンド（シルバー）,1st,
0109002005,PA,MicStand,K&M 201B バラ_No1,ストレートスタンド,2nd,
0109003001,PA,MicStand,K&M 25900Bバラ_No1,ショートブームスタンド,2nd,
0109003002,PA,MicStand,K&M 25900Bバラ_No2,ショートブームスタンド,2nd,
0109003003,PA,MicStand,K&M 25900Bバラ_No3,ショートブームスタンド,2nd,
0109003004,PA,MicStand,K&M 25900Bバラ_No4,ショートブームスタンド,2nd,
0109003005,PA,MicStand,K&M 25900Bバラ_No5,ショートブームスタンド,2nd,
0109003006,PA,MicStand,K&M 25900Bバラ_No6,ショートブームスタンド,2nd,
0109003007,PA,MicStand,K&M 25900Bバラ_No7,ショートブームスタンド,2nd,
0109003008,PA,MicStand,K&M 25900Bバラ_No8,ショートブームスタンド,2nd,
0109003009,PA,MicStand,K&M 25900Bバラ_No9,ショートブームスタンド,2nd,
0109003010,PA,MicStand,K&M 25900Bバラ_No10,ショートブームスタンド,2nd,
0109003011,PA,MicStand,K&M 25900Bバラ_No11,ショートブームスタンド,2nd,
0109003012,PA,MicStand,K&M 25900Bバラ_No12,ショートブームスタンド,2nd,
0109003013,PA,MicStand,K&M 25900Bバラ_No13,ショートブームスタンド,2nd,
0109003014,PA,MicStand,K&M 25900Bバラ_No14,ショートブームスタンド,2nd,
0109003015,PA,MicStand,K&M 25900Bバラ_No15,ショートブームスタンド,2nd,
0109003016,PA,MicStand,K&M 25900Bバラ_No16,ショートブームスタンド,2nd,
0109003017,PA,MicStand,K&M 25900Bバラ_No17,ショートブームスタンド,2nd,
0109003018,PA,MicStand,K&M 25900Bバラ_No18,ショートブームスタンド,2nd,
0109003019,PA,MicStand,K&M 25900Bバラ_No19,ショートブームスタンド,2nd,
0109004001,PA,MicStand,TOA ST310F_No1,フリーストップストレートスタンド,1st,
0109004002,PA,MicStand,TOA ST310F_No2,フリーストップストレートスタンド,1st,
0109005001,PA,MicStand,TOMOCA DS20K&F37*2_No1,卓上スタンド,1st,
0109005002,PA,MicStand,TOMOCA DS20K&F37*2_No2,卓上スタンド,1st,
0109005003,PA,MicStand,TOMOCA DS20K&F37*2_No3,卓上スタンド,1st,
0109005004,PA,MicStand,TOMOCA DS20K&F37*2_No4,卓上スタンド,1st,
0109006001,PA,MicStand,TOMOCA 卓上延伸セット_No1,卓上スタンド延伸セット,1st,
0109006002,PA,MicStand,TOMOCA 卓上延伸セット_No2,卓上スタンド延伸セット,1st,
0109006003,PA,MicStand,TOMOCA 卓上延伸セット_No3,卓上スタンド延伸セット,1st,
0109006004,PA,MicStand,TOMOCA 卓上延伸セット_No4,卓上スタンド延伸セット,1st,
0109006005,PA,MicStand,TOMOCA 卓上延伸セット_No5,卓上スタンド延伸セット,1st,
0109006006,PA,MicStand,TOMOCA 卓上延伸セット_No6,卓上スタンド延伸セット,1st,
0109007001,PA,MicStand,K&M 26200支柱*2_No1,ワンハンドストレートスタンド（支柱）,1st,
0109007002,PA,MicStand,K&M 26200支柱*2_No2,ワンハンドストレートスタンド（支柱）,1st,
0109007003,PA,MicStand,K&M 26200支柱*2_No3,ワンハンドストレートスタンド（支柱）,1st,
0109007004,PA,MicStand,K&M 26200支柱*2_No4,ワンハンドストレートスタンド（支柱）,1st,
0109008001,PA,MicStand,K&M 26200ベース_No1,ワンハンドストレートスタンド（ベース）,1st,
0109008002,PA,MicStand,K&M 26200ベース_No2,ワンハンドストレートスタンド（ベース）,1st,
0109008003,PA,MicStand,K&M 26200ベース_No3,ワンハンドストレートスタンド（ベース）,1st,
0109008004,PA,MicStand,K&M 26200ベース_No4,ワンハンドストレートスタンド（ベース）,1st,
0109008005,PA,MicStand,K&M 26200ベース_No5,ワンハンドストレートスタンド（ベース）,1st,
0109008006,PA,MicStand,K&M 26200ベース_No6,ワンハンドストレートスタンド（ベース）,1st,
0109008007,PA,MicStand,K&M 26200ベース_No7,ワンハンドストレートスタンド（ベース）,1st,
0109008008,PA,MicStand,K&M 26200ベース_No8,ワンハンドストレートスタンド（ベース）,1st,
0109009001,PA,MicStand,K&M 223（silver）_No1,グースネック（シルバー）,1st,
0109009002,PA,MicStand,K&M 223（silver）_No2,グースネック（シルバー）,1st,
0109010001,PA,MicStand,K&M 223B（black）_No1,グースネック（ブラック）,1st,
0109010002,PA,MicStand,K&M 223B（black）_No2,グースネック（ブラック）,1st,
0109010003,PA,MicStand,K&M 223B（black）_No3,グースネック（ブラック）,1st,
0109010004,PA,MicStand,K&M 223B（black）_No4,グースネック（ブラック）,1st,
0109010005,PA,MicStand,K&M 223B（black）_No5,グースネック（ブラック）,1st,
0109010006,PA,MicStand,K&M 223B（black）_No6,グースネック（ブラック）,1st,
0109010007,PA,MicStand,K&M 223B（black）_No7,グースネック（ブラック）,1st,
0109010008,PA,MicStand,K&M 223B（black）_No8,グースネック（ブラック）,1st,
0109011001,PA,MicStand,K&M 23510_No1 (曲),ステレオマイクバー（曲）,1st,
0109011002,PA,MicStand,K&M 23510_No2 (曲),ステレオマイクバー（曲）,1st,
0109012001,PA,MicStand,K&M 23550_No1 (固定),ステレオマイクバー,1st,
0109012002,PA,MicStand,K&M 23550_No2 (固定),ステレオマイクバー,1st,
0109013001,PA,MicStand,TAMA 839_No1 (Gt St),ギタースタンド,2nd,
0109013002,PA,MicStand,TAMA 839_No2 (Gt St),ギタースタンド,2nd,
0109013003,PA,MicStand,TAMA 839_No3 (Gt St),ギタースタンド,2nd,
0109014001,PA,MicStand,MX418D/C用木製台_No1,MX418D/C用木製台_No1,1st,
0109014002,PA,MicStand,MX418D/C用木製台_No2,MX418D/C用木製台_No2,1st,
0109014003,PA,MicStand,MX418D/C用木製台_No3,MX418D/C用木製台_No3,1st,
0109014004,PA,MicStand,MX418D/C用木製台_No4,MX418D/C用木製台_No4,1st,
0109014005,PA,MicStand,MX418D/C用木製台_No5,MX418D/C用木製台_No5,1st,
0109014006,PA,MicStand,MX418D/C用木製台_No6,MX418D/C用木製台_No6,1st,
0109014007,PA,MicStand,MX418D/C用木製台_No7,MX418D/C用木製台_No7,1st,
0109014008,PA,MicStand,MX418D/C用木製台_No8,MX418D/C用木製台_No8,1st,
0109015001,PA,MicStand,K&M 21021B_No1,オーバーヘッドブームスタンド,2nd,2025年9月導入
0109015002,PA,MicStand,K&M 21021B_No2,オーバーヘッドブームスタンド,2nd,2025年9月導入
0109016001,PA,MicStand,K&M 25050RIEN_No1,ヘビーレッグショートブームスタンド,2nd,2025年9月導入
0109016002,PA,MicStand,K&M25950RIEN_No2,ヘビーレッグショートブームスタンド,2nd,2025年9月導入
0109017001,PA,MicStand,K&M 25900B*2_No1,ショートブームスタンド2本セット,1st,
0109017002,PA,MicStand,K&M 25900B*2_No2,ショートブームスタンド2本セット,1st,
0109017003,PA,MicStand,K&M 25900B*2_No3,ショートブームスタンド2本セット,1st,
0109018001,PA,MicStand,K&M 25900バラ_No1(Silver),ショートブームスタンド(Silver),2nd,
0109018002,PA,MicStand,K&M 25900バラ_No2(Silver),ショートブームスタンド(Silver),2nd,
0110001001,PA,CommnicationTool,Clear-Com MS702,クリアカム親機,1st,
0110002001,PA,CommnicationTool,Clear-Com PS702,クリアカム親機,1st,
0110003001,PA,CommnicationTool,Clear-Com PK-7_No1,コンパクトパワーサプライ,1st,
0110003002,PA,CommnicationTool,Clear-Com PK-7_No2,コンパクトパワーサプライ,1st,
0110004001,PA,CommnicationTool,Clear-Com RS601set(RS601/CC100),クリアカム子機（10台セット）,1st,
0110005001,PA,CommnicationTool,Clear-Com RS701set(RS701/CC110),クリアカム子機（10台セット）,1st,
0110006001,PA,CommnicationTool,Clear-Com CC-32/EH-13(iCOM)_No1,ネックセット,1st,
0110006002,PA,CommnicationTool,Clear-Com CC-32/EH-13(iCOM)_No2,ネックセット,1st,
0110007001,PA,CommnicationTool,HME DX200,ワイヤレスインカム親機,1st,
0110008001,PA,CommnicationTool,HME BP200,ワイヤレスインカム子機（4台セット）,1st,
0110009001,PA,CommnicationTool,iCOM IC-DPR*4set_No1,トランシーバーセット,1st,
0110009002,PA,CommnicationTool,iCOM IC-DPR*4set_No2,トランシーバーセット,1st,
0110010001,PA,CommnicationTool,MOTOROLA CL70A*2_No1,簡易トランシーバーセット,1st,
0110010002,PA,CommnicationTool,MOTOROLA CL70A*2_No2,簡易トランシーバーセット,1st,
0110011001,PA,CommnicationTool,RIEDEL Boleroラック,Boleroシステムラック,1st,
0110012001,PA,CommnicationTool,RIEDEL Bolero BP*5_No1,BP5台セット,1st,2026/3/30 BP No4 修理
0110012002,PA,CommnicationTool,RIEDEL Bolero BP*5_No2,BP5台セット,1st,2026年5月 No8修理済み
0110013001,PA,CommnicationTool,RIEDEL Bolero マスターアンテナ,Boleroマスターアンテナ,1st,
0110014001,PA,CommnicationTool,RIEDEL Bolero スレーブアンテナ,Boleroスレーブアンテナ,1st,
0110015001,PA,CommnicationTool,Boleroアンテナスタンド 1005BAC*2,Boleroアンテナスタンド 1005BAC*2,1st,
0110016001,PA,CommnicationTool,HOLLYVOX 8set HV-G51-8B-SE ヘッドセット,1.9GHz DECT帯ワイヤレスインカム ヘッドセット,1st,2025年12月導入
0110016002,PA,CommnicationTool,HOLLYVOX 8set HV-G51-8B-SE 周辺機器,1.9GHz DECT帯ワイヤレスインカム 周辺機器,1st,2025年12月導入
0111001001,PA,PA Other,TOMOCA 20db ATT*4_No1,20db ATT,1st,
0111001002,PA,PA Other,TOMOCA 20db ATT*4_No2,20db ATT,1st,
0111001003,PA,PA Other,TOMOCA 20db ATT*4_No3,20db ATT,1st,
0111001004,PA,PA Other,TOMOCA 20db ATT*4_No4,20db ATT,1st,
0111002001,PA,PA Other,マイク置き（木製）_No1,木製マイク置き,1st,
0111002002,PA,PA Other,マイク置き（木製）_No2,木製マイク置き,1st,
0111002003,PA,PA Other,マイク置き（木製）_No3,木製マイク置き,1st,
0111002004,PA,PA Other,マイク置き（木製）_No4,木製マイク置き,1st,
0111002005,PA,PA Other,マイク置き（木製）_No5,木製マイク置き,1st,
0111002006,PA,PA Other,マイク置き（木製）_No6,木製マイク置き,1st,
0111002007,PA,PA Other,マイク置き（木製）_No7,木製マイク置き,1st,
0111002008,PA,PA Other,マイク置き（木製）_No8,木製マイク置き,1st,
0111002009,PA,PA Other,マイク置き（木製）_No9,木製マイク置き,1st,
0111002010,PA,PA Other,マイク置き（木製）_No10,木製マイク置き,1st,
0111003001,PA,PA Other,BEHRINGER POWERPLAY P1_No1,ヘッドフォンアンプ,1st,
0111003002,PA,PA Other,BEHRINGER POWERPLAY P1_No2,ヘッドフォンアンプ,1st,
0111004001,PA,PA Other,audio-technica SLICK FLY DH-01_No1,ヘッドフォンアンプ,1st,
0111004002,PA,PA Other,audio-technica SLICK FLY DH-01_No2,ヘッドフォンアンプ,1st,
0111005001,PA,PA Other,TASCAM MH-8,8chヘッドフォンアンプ,1st,
0111006001,PA,PA Other,SHURE SE215_No1,イヤフォン,1st,
0111006002,PA,PA Other,SHURE SE215_No2,イヤフォン,1st,
0111006003,PA,PA Other,SHURE SE215_No3,イヤフォン,1st,
0111006004,PA,PA Other,SHURE SE215_No4,イヤフォン,1st,
0111006005,PA,PA Other,SHURE SE215_No5,イヤフォン,1st,
0111006006,PA,PA Other,SHURE SE215_No6,イヤフォン,1st,
0111007001,PA,PA Other,SHURE SE425_No1,イヤフォン,1st,
0111007002,PA,PA Other,SHURE SE425_No2,イヤフォン,1st,
0111008001,PA,PA Other,SONY MDR-CD900ST_No1,ヘッドフォン,1st,
0111008002,PA,PA Other,SONY MDR-CD900ST_No2,ヘッドフォン,1st,
0111009001,PA,PA Other,beyerdynamic DT-102_No1,片耳ヘッドフォン,1st,
0111009002,PA,PA Other,beyerdynamic DT-102_No2,片耳ヘッドフォン,1st,
0111010001,PA,PA Other,片耳イヤフォン（インイヤー、耳掛け）set,片耳イヤフォン,1st,
0111010002,PA,PA Other,骨伝導スピーカー*2,骨伝導スピーカー*2,1st,
0111011001,PA,PA Other,TOMOCA 4-FM_No1,8パラボックス,1st,
0111011002,PA,PA Other,TOMOCA 4-FM_No2,8パラボックス,1st,
0111012001,PA,PA Other,KORG nanoPAD2_No1,USBコントローラー,1st,
0111012002,PA,PA Other,KORG nanoPAD2_No2,USBコントローラー,1st,
0111013001,PA,PA Other,KORG nanoKEY2_No1,USBコントローラー,1st,
0111013002,PA,PA Other,KORG nanoKEY2_No2,USBコントローラー,1st,
0111013003,PA,PA Other,KORG nanoKEY2_No3,USBコントローラー,1st,
0111014001,PA,PA Other,steinberg CMC-QC,USBコントローラー,1st,
0111015001,PA,PA Other,TOMOCA TCC-60,カフフェーダー,1st,
0111016001,PA,PA Other,TOMOCA TCC-100_No1,カフフェーダー,1st,
0111016002,PA,PA Other,TOMOCA TCC-100_No2,カフフェーダー,1st,
0111017001,PA,PA Other,TOMOCA TCC-100ST,ステレオカフフェーダー,1st,
0111018001,PA,PA Other,Cloudmicrophone Cloudlifter CL-1_No1,マイクアクティベーター,1st,
0111018002,PA,PA Other,Cloudmicrophone Cloudlifter CL-1_No2,マイクアクティベーター,1st,
0111019001,PA,PA Other,愛曲楽器 AMS-8000F/BK_No1,譜面台,1st,
0111019002,PA,PA Other,愛曲楽器 AMS-8000F/BK_No2,譜面台,1st,
0111020001,PA,PA Other,HERCULES STANDS DS800B_No1,パーカッションスタンド,1st,
0111020002,PA,PA Other,HERCULES STANDS DS800B_No2,パーカッションスタンド,1st,
0111021001,PA,PA Other,オペ卓隠し_No1,,1st,
0111021002,PA,PA Other,オペ卓隠し_No2,,1st,
0111022001,PA,PA Other,YVC-330,,1st,
0111023001,PA,PA Other,音響変換BOX,,1st,
0111024001,PA,PA Other,除菌セット_No1,,1st,
0111024002,PA,PA Other,除菌セット_No2,,1st,
0111024003,PA,PA Other,除菌セット_No3,,1st,
0111024004,PA,PA Other,除菌セット_No4,,1st,
0111025001,PA,PA Other,K&M 23956_No1 (pop filter),ポップキラー,1st,
0111025002,PA,PA Other,K&M 23956_No2 (pop filter),ポップキラー,1st,
0111025003,PA,PA Other,K&M 23956_No3 (pop filter),ポップキラー,1st,
0111025004,PA,PA Other,K&M 23956_No4 (pop filter),ポップキラー,1st,
0111026001,PA,PA Other,WLケアセット,WLケアセット,1st,
0111027001,PA,PA Other,ピンマイククリップ,ピンマイククリップ,1st,安全ピンタイプ6個、マグネットタイプ2個、ニードルタイプ2個、黒風防1個、灰風防1個
0111028001,PA,PA Other,防振ゴム（小）12枚,防振ゴム（小）12枚,1st,
0111029001,PA,PA Other,防振ゴム（中）12枚,防振ゴム（中）12枚,1st,
0111030001,PA,PA Other,防振ゴム（大）24枚,防振ゴム（大）24枚,1st,
0111031001,PA,PA Other,吊り具セット,吊り具セット,2nd,スピーカーチェッカー、スリングベルト、長尺スケール、角度計、レーザー距離計、0.25ｔレバーブロック、シャックル、カラビナ、15ｍロープ、
0111031002,PA,PA Other,ERSR004L No1,チェーンモーター,2nd,
0111031003,PA,PA Other,ERSR004L No2,チェーンモーター,2nd,
0111032001,PA,PA Other,Smaart/NUENDO PC,Smaart/NUENDO PC,2nd,
0111032002,PA,PA Other,LAKE PC,LAKE PC,2nd,
0111032003,PA,PA Other,PA Management PC,PA Management PC,1st,2026年4月導入
0111033001,PA,PA Other,Sound Bullet,Sound Bullet_No1,1st,マルチテスター/ケーブルチェッカー
0111033002,PA,PA Other,Sound Bullet,Sound Bullet_No2,1st,マルチテスター/ケーブルチェッカー
0111034001,PA,PA Other,新マイク置き_No1,新マイク置き_No1,1st,2026年1月導入
0111034002,PA,PA Other,新マイク置き_No2,新マイク置き_No2,1st,2026年1月導入
0111034003,PA,PA Other,新マイク置き_No3,新マイク置き_No3,1st,2026年1月導入
0111034004,PA,PA Other,新マイク置き_No4,新マイク置き_No4,1st,2026年1月導入
0111034005,PA,PA Other,新マイク置き_No5,新マイク置き_No5,1st,2026年1月導入
0111034006,PA,PA Other,新マイク置き_No6,新マイク置き_No6,1st,2026年1月導入
0111034007,PA,PA Other,新マイク置き_No7,新マイク置き_No7,1st,2026年1月導入
0111034008,PA,PA Other,新マイク置き_No8,新マイク置き_No8,1st,2026年1月導入
0111035001,PA,PA Other,BNC 50Ω JJ*2_No1,BNC 50Ω JJ*2_No1,1st,
0111035002,PA,PA Other,BNC 50Ω JJ*2_No2,BNC 50Ω JJ*2_No2,1st,
0111035003,PA,PA Other,BNC 50Ω JJ*2_No3,BNC 50Ω JJ*2_No3,1st,
0111036001,PA,PA Other,PULSE 16Uラック,PULSE 16Uラック,2nd,2026年7月中古で購入
0201001001,Light,SPOT,THOMAS PAR56 500*2 No1,PARライト 56サイズ,2nd,
0201001002,Light,SPOT,THOMAS PAR56 500*2 No2,PARライト 56サイズ,2nd,
0201001003,Light,SPOT,THOMAS PAR56 500*2 No3,PARライト 56サイズ,2nd,
0201001004,Light,SPOT,THOMAS PAR56 500*2 No4,PARライト 56サイズ,2nd,
0201002001,Light,SPOT,AC Lighting CP-D365CW*2 No1,White/Amber 3Pオス-5Pメス*2,2nd,
0201002002,Light,SPOT,AC Lighting CP-D365CW*2 No2,White/Amber 3Pオス-5Pメス*2,2nd,
0201002003,Light,SPOT,AC Lighting CP-D365CW*2 No3,White/Amber 3Pオス-5Pメス*2,2nd,
0201002004,Light,SPOT,AC Lighting CP-D365CW*2 No4,White/Amber 3Pオス-5Pメス*2,2nd,
0201002005,Light,SPOT,AC Lighting CP-D365CW*2 No5,White/Amber 3Pオス-5Pメス*2,2nd,
0201002006,Light,SPOT,AC Lighting CP-D365CW*2 No6,White/Amber 3Pオス-5Pメス*2,2nd,
0201003001,Light,SPOT,AC Lighting CP-Q1910*2 No1,RGBW LEDパーライト,2nd,
0201003002,Light,SPOT,AC Lighting CP-Q1910*2 No2,RGBW LEDパーライト,2nd,
0201003003,Light,SPOT,AC Lighting CP-Q1910*2 No3,RGBW LEDパーライト,2nd,
0201003004,Light,SPOT,AC Lighting CP-Q1910*2 No4,RGBW LEDパーライト,2nd,
0201003005,Light,SPOT,AC Lighting CP-Q1910*2 No5,RGBW LEDパーライト,2nd,
0201003006,Light,SPOT,AC Lighting CP-Q1910*2 No6_6-2素子不良,RGBW LEDパーライト,2nd,
0201003007,Light,SPOT,AC Lighting CP-Q1910*2 No7,RGBW LEDパーライト,2nd,
0201004001,Light,SPOT,AMERICAN DJ PAR Z100 5K*4 No1_1-3ネジ緩み有,LEDパーライト,1st,
0201004002,Light,SPOT,AMERICAN DJ PAR Z100 5K*4 No2,LEDパーライト,1st,260716 2-3 ハンドル故障中→自社で修理対応済み
0201004003,Light,SPOT,AMERICAN DJ PAR Z100 5K*4 No3 ※3-2ネジ緩み有 ※3-3修理中,LEDパーライト,1st,
0201004004,Light,SPOT,AMERICAN DJ PAR Z100 5K*4 No4_4-2ネジ緩み有,LEDパーライト,1st,2026年7月　4-4上下ボタン不良修理済
0201004005,Light,SPOT,※修理対応中_AMERICAN DJ PAR Z100 5K*4 No5_5-1ネジ緩み有,LEDパーライト,1st,2026年7月 5-3MENUボタン不良修理済
0201004006,Light,SPOT,AMERICAN DJ PAR Z100 5K*4 No6_6-4ネジ緩み有,LEDパーライト,1st,
0201004007,Light,SPOT,AMERICAN DJ PAR Z100 5K*4 No7,LEDパーライト,1st,
0201005001,Light,SPOT,AMERICAN DJ PAR DotzPar 36W*2 No1,36W RGB COB LEDパーライト,2nd,
0201005002,Light,SPOT,AMERICAN DJ PAR DotzPar 36W*2 No2,37W RGB COB LEDパーライト,2nd,
0201005003,Light,SPOT,AMERICAN DJ PAR DotzPar 36W*2 No3,38W RGB COB LEDパーライト,2nd,
0201005004,Light,SPOT,AMERICAN DJ PAR DotzPar 36W*2 No4,39W RGB COB LEDパーライト,2nd,
0201005005,Light,SPOT,AMERICAN DJ PAR DotzPar 36W*2 No5,40W RGB COB LEDパーライト,2nd,
0201005006,Light,SPOT,AMERICAN DJ PAR DotzPar 36W*2 No6,40W RGB COB LEDパーライト,2nd,
0201006001,Light,SPOT,SILVERSTAR ECLIPSE PRIME HEX_No1,6カラーLEDカッターライト,2nd,
0201006002,Light,SPOT,SILVERSTAR ECLIPSE PRIME HEX_No2,6カラーLEDカッターライト,2nd,
0201006003,Light,SPOT,SILVERSTAR ECLIPSE PRIME HEX_No3,6カラーLEDカッターライト,2nd,
0201006004,Light,SPOT,SILVERSTAR ECLIPSE PRIME HEX_No4,6カラーLEDカッターライト,2nd,
0201006005,Light,SPOT,SILVERSTAR ECLIPSE PRIME HEX_No5,6カラーLEDカッターライト,2nd,
0201006006,Light,SPOT,SILVERSTAR ECLIPSE PRIME HEX_No6,6カラーLEDカッターライト,2nd,"2026.4 修理対応
2026.5/14 修理完了"
0201006007,Light,SPOT,SILVERSTAR ECLIPSE PRIME HEX_No7,6カラーLEDカッターライト,2nd,
0201006008,Light,SPOT,SILVERSTAR ECLIPSE PRIME HEX_No8,6カラーLEDカッターライト,2nd,
0201006009,Light,SPOT,SILVERSTAR ECLIPSE PRIME HEX_No9,6カラーLEDカッターライト,2nd,
0201006010,Light,SPOT,SILVERSTAR ECLIPSE PRIME HEX_No10,6カラーLEDカッターライト,2nd,
0201007001,Light,SPOT,LENS TUBE 19°_No1,先球,2nd,
0201007002,Light,SPOT,LENS TUBE 19°_No2,先球,2nd,
0201007003,Light,SPOT,LENS TUBE 19°_No3,先球,2nd,
0201007004,Light,SPOT,LENS TUBE 19°_No4,先球,2nd,
0201007005,Light,SPOT,LENS TUBE 19°_No5,先球,2nd,
0201007006,Light,SPOT,LENS TUBE 19°_No6,先球,2nd,
0201007007,Light,SPOT,LENS TUBE 19°_No7,先球,2nd,
0201007008,Light,SPOT,LENS TUBE 19°_No8,先球,2nd,
0201007009,Light,SPOT,LENS TUBE 19°_No9,先球,2nd,
0201007010,Light,SPOT,LENS TUBE 19°_No10,先球,2nd,
0201008001,Light,SPOT,LENS TUBE 26°_No1,先球,2nd,
0201008002,Light,SPOT,LENS TUBE 26°_No2,先球,2nd,
0201008003,Light,SPOT,LENS TUBE 26°_No3,先球,2nd,
0201008004,Light,SPOT,LENS TUBE 26°_No4,先球,2nd,
0201008005,Light,SPOT,LENS TUBE 26°_No5,先球,2nd,
0201008006,Light,SPOT,LENS TUBE 26°_No6,先球,2nd,
0201008007,Light,SPOT,LENS TUBE 26°_No7,先球,2nd,
0201008008,Light,SPOT,LENS TUBE 26°_No8,先球,2nd,
0201008009,Light,SPOT,LENS TUBE 26°_No9,先球,2nd,
0201008010,Light,SPOT,LENS TUBE 26°_No10,先球,2nd,
0201009001,Light,SPOT,LENS TUBE 36°_No1,先球,2nd,
0201009002,Light,SPOT,LENS TUBE 36°_No2,先球,2nd,
0201009003,Light,SPOT,LENS TUBE 36°_No3,先球,2nd,
0201009004,Light,SPOT,LENS TUBE 36°_No4,先球,2nd,
0201009005,Light,SPOT,LENS TUBE 36°_No5,先球,2nd,
0201009006,Light,SPOT,LENS TUBE 36°_No6,先球,2nd,
0201009007,Light,SPOT,LENS TUBE 36°_No7,先球,2nd,
0201009008,Light,SPOT,LENS TUBE 36°_No8,先球,2nd,
0201009009,Light,SPOT,LENS TUBE 36°_No9,先球,2nd,
0201009010,Light,SPOT,LENS TUBE 36°_No10,先球,2nd,
0201010001,Light,SPOT,LENS TUBE 50°_No1,先球,2nd,
0201010002,Light,SPOT,LENS TUBE 50°_No2,先球,2nd,
0201010003,Light,SPOT,LENS TUBE 50°_No3,先球,2nd,
0201010004,Light,SPOT,LENS TUBE 50°_No4,先球,2nd,
0201010005,Light,SPOT,LENS TUBE 50°_No5,先球,2nd,
0201010006,Light,SPOT,LENS TUBE 50°_No6,先球,2nd,
0201010007,Light,SPOT,LENS TUBE 50°_No7,先球,2nd,
0201010008,Light,SPOT,LENS TUBE 50°_No8,先球,2nd,
0201010009,Light,SPOT,LENS TUBE 50°_No9,先球,2nd,
0201010010,Light,SPOT,LENS TUBE 50°_No10,先球,2nd,
0201011001,Light,SPOT,STAGE EVOLUTION IS24_No1,カッターライト用アイリスシャッター,2nd,
0201011002,Light,SPOT,STAGE EVOLUTION IS24_No2,カッターライト用アイリスシャッター,2nd,
0201011003,Light,SPOT,STAGE EVOLUTION IS24_No3,カッターライト用アイリスシャッター,2nd,
0201011004,Light,SPOT,STAGE EVOLUTION IS24_No4,カッターライト用アイリスシャッター,2nd,
0201011005,Light,SPOT,STAGE EVOLUTION IS24_No5,カッターライト用アイリスシャッター,2nd,
0201011006,Light,SPOT,STAGE EVOLUTION IS24_No6,カッターライト用アイリスシャッター,2nd,
0201011007,Light,SPOT,STAGE EVOLUTION IS24_No7,カッターライト用アイリスシャッター,2nd,
0201011008,Light,SPOT,STAGE EVOLUTION IS24_No8,カッターライト用アイリスシャッター,2nd,
0201011009,Light,SPOT,STAGE EVOLUTION IS24_No9,カッターライト用アイリスシャッター,2nd,
0201011010,Light,SPOT,STAGE EVOLUTION IS24_No10,カッターライト用アイリスシャッター,2nd,
0201011011,Light,SPOT,STAGE EVOLUTION IS24_No11,カッターライト用アイリスシャッター,2nd,
0201011012,Light,SPOT,STAGE EVOLUTION IS24_No12,カッターライト用アイリスシャッター,2nd,
0201011013,Light,SPOT,STAGE EVOLUTION IS24_No13,カッターライト用アイリスシャッター,2nd,
0201011014,Light,SPOT,STAGE EVOLUTION IS24_No14,カッターライト用アイリスシャッター,2nd,
0201012001,Light,SPOT,intellasystem STORM1000_No1,LEDストロボ,2nd,
0201012002,Light,SPOT,intellasystem STORM1000_No2,LEDストロボ,2nd,
0201012003,Light,SPOT,intellasystem STORM1000_No3,LEDストロボ,2nd,
0201012004,Light,SPOT,intellasystem STORM1000_No4,LEDストロボ,2nd,
0201013001,Light,SPOT,SILVERSTAR AUROCYC 180 HEX IP_No1,6カラー素子搭載 IP65防滴CYCライト,1st,
0201013002,Light,SPOT,SILVERSTAR AUROCYC 180 HEX IP_No2,6カラー素子搭載 IP66防滴CYCライト,1st,
0201013003,Light,SPOT,SILVERSTAR AUROCYC 180 HEX IP_No3,6カラー素子搭載 IP65防滴CYCライト,1st,
0201013004,Light,SPOT,SILVERSTAR AUROCYC 180 HEX IP_No4,6カラー素子搭載 IP65防滴CYCライト,1st,
0201014001,Light,SPOT,SILVER STAR PIXICYC / EZ 12_No1,LED　CYCライト,2nd,
0201014002,Light,SPOT,SILVER STAR PIXICYC / EZ 12_No2,LED　CYCライト,2nd,
0201014003,Light,SPOT,SILVER STAR PIXICYC / EZ 12_No3,LED　CYCライト,2nd,
0201014004,Light,SPOT,SILVER STAR PIXICYC / EZ 12_No4,LED　CYCライト,2nd,
0201014005,Light,SPOT,SILVER STAR PIXICYC / EZ 12_No5,LED　CYCライト,2nd,
0201014006,Light,SPOT,SILVER STAR PIXICYC / EZ 12_No6,LED　CYCライト,2nd,
0201014007,Light,SPOT,SILVER STAR PIXICYC / EZ 12_No7,LED　CYCライト,2nd,
0201014008,Light,SPOT,SILVER STAR PIXICYC / EZ 12_No8,LED　CYCライト,2nd,
0201014009,Light,SPOT,SILVER STAR PIXICYC / EZ 12_No9,LED　CYCライト,2nd,
0201014010,Light,SPOT,SILVER STAR PIXICYC / EZ 12_No10,LED　CYCライト,2nd,
0201014011,Light,SPOT,SILVER STAR PIXICYC / EZ 12_No11,LED　CYCライト,2nd,
0201014012,Light,SPOT,SILVER STAR PIXICYC / EZ 12_No12,LED　CYCライト,2nd,
0201015001,Light,SPOT,EK PRO R3*2 No1,LEDムービングライト（ウォッシュ）,2nd,丸茂ハンガー入り
0201015002,Light,SPOT,EK PRO R3*2 No2,LEDムービングライト（ウォッシュ）,2nd,丸茂ハンガー入り
0201015003,Light,SPOT,EK PRO R3*2 No3,LEDムービングライト（ウォッシュ）,2nd,丸茂ハンガー入り
0201015004,Light,SPOT,EK PRO R3 No4,LEDムービングライト（ウォッシュ）,2nd,
0201016001,Light,SPOT,LIGHTSKY F330Ⅱ*2 No1,ムービングライト（ビーム）,2nd,
0201016002,Light,SPOT,LIGHTSKY F330Ⅱ*2 No2,ムービングライト（ビーム）,2nd,
0201016003,Light,SPOT,LIGHTSKY F330Ⅱ*2 No3,ムービングライト（ビーム）,2nd,
0201016004,Light,SPOT,LIGHTSKY F330Ⅱ*2 No4,ムービングライト（ビーム）,2nd,
0201017001,Light,SPOT,SILVERSTAR Y-PLANO1000 No1.2,LEDフラットライト,1st,
0201017002,Light,SPOT,SILVERSTAR Y-PLANO1000 No3.4,LEDフラットライト,1st,
0201017003,Light,SPOT,SILVERSTAR Y-PLANO1000 No5.6,LEDフラットライト,1st,
0201017004,Light,SPOT,SILVERSTAR Y-PLANO1000 No7.8,LEDフラットライト,1st,
0201017005,Light,SPOT,SILVERSTAR Y-PLANO1000 No9(液晶欠け有).10,LEDフラットライト,1st,
0201017006,Light,SPOT,SILVERSTAR Y-PLANO1000 No11.12,LEDフラットライト,1st,
0201018001,Light,SPOT,AC Lighting CP-QO1210*2_No1,RGBW LEDパーライト（防滴）2台入り,2nd,
0201018002,Light,SPOT,AC Lighting CP-QO1210*2_No2,RGBW LEDパーライト（防滴）2台入り,2nd,
0201018003,Light,SPOT,AC Lighting CP-QO1210*2_No3,RGBW LEDパーライト（防滴）2台入り,2nd,
0201019001,Light,SPOT,Aサイズゴボホルダー４枚セット_No1,Aサイズゴボホルダー４枚セット_No1,1st,
0201019002,Light,SPOT,Aサイズゴボホルダー４枚セット_No2,Aサイズゴボホルダー４枚セット_No2,1st,
0201019003,Light,SPOT,Bサイズゴボホルダー４枚セット_No1,Bサイズゴボホルダー４枚セット_No1,1st,
0201019004,Light,SPOT,Bサイズゴボホルダー４枚セット_No2,Bサイズゴボホルダー４枚セット_No2,1st,
0201020001,Light,SPOT,Aサイズ ゴボブック,Aサイズ ゴボブック,1st,
0201020002,Light,SPOT,Bサイズ ゴボブック,Bサイズ ゴボブック,1st,
0201021001,Light,SPOT,SilverStar E-lite SS2361TCM_No1,LEDパネルライト,1st,
0201021002,Light,SPOT,SilverStar E-lite SS2361TCM_No2,LEDパネルライト,1st,"2026.4 修理対応
2026.5/14 修理完了"
0201021003,Light,SPOT,SilverStar E-lite SS2361TCM_No3,LEDパネルライト,1st,
0201021004,Light,SPOT,SilverStar E-lite SS2361TCM_No4,LEDパネルライト,1st,
0201022001,Light,SPOT,Style+ 配ダクレール用LEDスポット10台セット No1,Style+ 配ダクレール用LEDスポット10台セット No1,1st,2025年6月購入
0201022002,Light,SPOT,Style+ 配ダクレール用LEDスポット10台セット No2,Style+ 配ダクレール用LEDスポット10台セット No2,1st,2025年6月購入
0201023001,Light,SPOT,STAGE EVOLUTION LED SPARK Ⅱ*2_No1,LEDストロボ,2nd,2025年10月導入
0201023002,Light,SPOT,STAGE EVOLUTION LED SPARK Ⅱ*2_No2,LEDストロボ,2nd,2025年10月導入
0201023004,Light,SPOT,STAGE EVOLUTION LED SPARK Ⅱ*2_No3,LEDストロボ,1st,2026年2月導入
0201023005,Light,SPOT,STAGE EVOLUTION LED SPARK Ⅱ*2_No4,LEDストロボ,1st,2026年2月導入
0201024001,Light,SPOT,AMERICAN DJ PAR Z100 5K2*4 No1,LEDパーライト,1st,2026年2月購入
0201024002,Light,SPOT,AMERICAN DJ PAR Z100 5K2*4 No2,LEDパーライト,1st,2026年2月購入
0201024003,Light,SPOT,AMERICAN DJ PAR Z100 5K2*4 No3,LEDパーライト,1st,
0202001001,Light,Accessories,8インチバンドア_No1,,1st,
0202001002,Light,Accessories,8インチバンドア_No2,,1st,
0202001003,Light,Accessories,8インチバンドア_No3,,1st,
0202001004,Light,Accessories,8インチバンドア_No4,,1st,
0202001005,Light,Accessories,8インチバンドア_No5,,1st,
0202001006,Light,Accessories,8インチバンドア_No6,,1st,
0202002001,Light,Accessories,AVENGER A416JM_No1,ロースタンド,1st,
0202002002,Light,Accessories,AVENGER A416JM_No2,ロースタンド,1st,
0202002003,Light,Accessories,AVENGER A416JM_No3,ロースタンド,1st,
0202002004,Light,Accessories,AVENGER A416JM_No4,ロースタンド,1st,
0202003001,Light,Accessories,STAGE EVOLUTION LSS6_No1,ハイスタンド,1st,
0202003002,Light,Accessories,STAGE EVOLUTION LSS6_No2,ハイスタンド,1st,
0202003003,Light,Accessories,STAGE EVOLUTION LSS6_No3,ハイスタンド,1st,
0202003004,Light,Accessories,STAGE EVOLUTION LSS6_No4,ハイスタンド,1st,
0202003005,Light,Accessories,STAGE EVOLUTION LSS6_No5,ハイスタンド,1st,
0202003006,Light,Accessories,STAGE EVOLUTION LSS6_No6,ハイスタンド,1st,
0202004001,Light,Accessories,MARUMO SHB-5*6_No1,床置きベース Φ200*H60 6枚セット,2nd,
0202004002,Light,Accessories,MARUMO SHB-5*6_No2,床置きベース Φ200*H60 6枚セット,2nd,
0202005001,Light,Accessories,MARUMO SHB-10*4,床置きベース Φ250*H65,2nd,
0202006001,Light,Accessories,2連アーム_No1,,1st,
0202006002,Light,Accessories,2連アーム_No2,,1st,
0202006003,Light,Accessories,2連アーム_No3,,1st,
0202006004,Light,Accessories,2連アーム_No4,,1st,
0202006005,Light,Accessories,2連アーム_No5,,1st,
0202006006,Light,Accessories,2連アーム_No6,,1st,
0202006007,Light,Accessories,2連アーム_No7,,1st,
0202006008,Light,Accessories,2連アーム_No8,,1st,
0202007001,Light,Accessories,3連アーム_No1,,1st,
0202007002,Light,Accessories,3連アーム_No2,,1st,
0202007003,Light,Accessories,3連アーム_No3,,1st,
0202007004,Light,Accessories,3連アーム_No4,,1st,
0202007005,Light,Accessories,3連アーム_No5,,1st,
0202007006,Light,Accessories,3連アーム_No6,,1st,
0202007007,Light,Accessories,3連アーム_No7,,1st,
0202007008,Light,Accessories,3連アーム_No8,,1st,
0202008001,Light,Accessories,5連アーム_No1,,1st,
0202008002,Light,Accessories,5連アーム_No2,,1st,
0202009001,Light,Accessories,MARUMO HAS2*20 No1,鉄ハンガー 黒,2nd,
0202009002,Light,Accessories,MARUMO HAS2*20 No2,鉄ハンガー 黒,2nd,
0202009003,Light,Accessories,MARUMO HAS2*20 No3,鉄ハンガー 黒,2nd,
0202010001,Light,Accessories,manfrotto 1005BAC*2 No1,アルミ黒スタンド,1st,
0202010002,Light,Accessories,manfrotto 1005BAC*2 No2,アルミ黒スタンド,1st,
0202010003,Light,Accessories,manfrotto 1005BAC*2 No3,アルミ黒スタンド,1st,
0202010004,Light,Accessories,manfrotto 1005BAC*2 No4,アルミ黒スタンド,1st,
0202010005,Light,Accessories,manfrotto 1005BAC*2 No5,アルミ黒スタンド,1st,
0202010006,Light,Accessories,manfrotto 1005BAC*2 No6,アルミ黒スタンド,1st,
0202010007,Light,Accessories,manfrotto 1005BAC*2 No7,アルミ黒スタンド,1st,2026年2月導入
0202010008,Light,Accessories,manfrotto 1005BAC*2 No8,アルミ黒スタンド,1st,2026年2月導入
0202010009,Light,Accessories,manfrotto 1005BAC*2 No9,アルミ黒スタンド,1st,2026年2月導入
0202010010,Light,Accessories,manfrotto 1005BAC*2 No10,アルミ黒スタンド,1st,2026年2月導入
0202011001,Light,Accessories,KUPO 226MBJ_No1,ハイスタンド,1st,
0202011002,Light,Accessories,KUPO 226MBJ_No2,ハイスタンド,1st,
0202011003,Light,Accessories,KUPO 226MBJ_No3,ハイスタンド,1st,
0202011004,Light,Accessories,KUPO 226MBJ_No4,ハイスタンド,1st,
0203001001,Light,Control,LITE PUTER DX-402A_No1,15A*2 4ch Dimmer,2nd,
0203001002,Light,Control,LITE PUTER DX-402A_No2,15A*2 4ch Dimmer,2nd,
0203002001,Light,Control,LITE PUTER CX-404_No1,4ch DMX Controler,1st,
0203002002,Light,Control,LITE PUTER CX-404_No2,4ch DMX Controler,1st,
0203003001,Light,Control,ELATION SCENE SETTER,24chDMXコンソール,1st,
0203004001,Light,Control,ETC SmartFade1248,DMXコンソール,1st,
0203005001,Light,Control,ETC COLOR SOURCE20,DMXコンソール,1st,
0203006001,Light,Control,MA Lighting GrandMAcompact,,2nd,
0203007001,Light,Control,MA Lighting GrandMA3 onPC　,,2nd,
0203008001,Light,Control,MA Lighting 2PORT Node,,2nd,2026年7月 修理済（ツマミ不良、交換）
0203010001,Light,Control,DELL P2418HT,23.8型 タッチパネルディスプレイ,2nd,
0203011001,Light,Control,TamaTechLabo Opt Splitter DS4_No1,DMX 4Splitter,1st,
0203011002,Light,Control,TamaTechLabo Opt Splitter DS4_No2,DMX 4Splitter,1st,
0203012001,Light,Control,LITE PUTER DP-81_No1,DMX 8Splitter,1st,
0203012002,Light,Control,LITE PUTER DP-81_No2,DMX 8Splitter,1st,
0203013001,Light,Control,Tama TechLabo PS08M,DMX 512ch x 512chパッチ,2nd,
0204001001,Light,Light Other,PROVIDE Viper NT,水性スモーク,2nd,
0204002001,Light,Light Other,VORNADO 660-JP,スモーク用ファン,2nd,
0204003001,Light,Light Other,TamaTechLabo DMX CF RECORDER Ⅳ,DMXレコーダー,2nd,
0204004001,Light,Light Other,アルミ竿,アルミ竿,2nd,
0204005001,Light,Light Other,照明道具箱,照明道具箱,2nd,
0204006001,Light,Light Other,電工 工具箱,電工 工具箱,2nd,
0204007001,Light,Light Other,ドラム椅子,ドラム椅子,2nd,
0204008001,Light,Light Other,カラーブック①ポリカラー,カラーブック①ポリカラー,1st,
0204008002,Light,Light Other,カラーブック②Lee,カラーブック②Lee,1st,
0204009001,Light,Light Other,パワコン中継アダプタ*2,パワコン中継アダプタ*2,2nd,2026年5月 代本さんから頂く
0207011003,PA,Mic/DI,SENNHEISER e845S_No3,ダイナミックマイク,1st,2025年12月 田中から購入
0301001001,Visual,Display,SHARP PN-HW651_No1,65型液晶ディスプレイ,1st,
0301001002,Visual,Display,SHARP PN-HW651_No2,65型液晶ディスプレイ,1st,
0301002001,Visual,Display,SHARP PN-Y556_No1_※キズ有り,55型液晶ディスプレイ,1st,
0301002002,Visual,Display,SHARP PN-Y556_No2,55型液晶ディスプレイ,1st,
0301003001,Visual,Display,SHARP PN-HY551_No1,55型液晶ディスプレイ,1st,
0301003002,Visual,Display,SHARP PN-HY551_No2,55型液晶ディスプレイ,1st,
0301004001,Visual,Display,Panasonic TH-43SQE1J_No1,43型液晶ディスプレイ,1st,
0301004002,Visual,Display,Panasonic TH-43SQE1J_No2,43型液晶ディスプレイ,1st,
0301005001,Visual,Display,Panasonic TH-42LF80J_No1,42型液晶ディスプレイ,1st,
0301005002,Visual,Display,Panasonic TH-42LF80J_No2,42型液晶ディスプレイ,1st,
0301006001,Visual,Display,Panasonic TH-32EF1J_No1,32型液晶ディスプレイ,1st,
0301006002,Visual,Display,Panasonic TH-32EF1J_No2,32型液晶ディスプレイ,1st,
0301007001,Visual,Display,Panasonic TH-32EF2J_No1,32型液晶ディスプレイ,1st,
0301007002,Visual,Display,Panasonic TH-32EF2J_No2,32型液晶ディスプレイ,1st,
0301008001,Visual,Display,MITSUBISHI RDT234WLM_No1,23型液晶ディスプレイ,1st,
0301008002,Visual,Display,MITSUBISHI RDT234WLM_No2,23型液晶ディスプレイ,1st,
0301009001,Visual,Display,iiyama XU2390HS_No1,23型液晶ディスプレイ,1st,
0301009002,Visual,Display,iiyama XU2390HS_No2,23型液晶ディスプレイ,1st,
0301010001,Visual,Display,ADTECHNO LCD1560S_No1,15型液晶ディスプレイ,1st,
0301010002,Visual,Display,ADTECHNO LCD1560S_No2,15型液晶ディスプレイ,1st,
0301010003,Visual,Display,ADTECHNO LCD1560S_No3,15型液晶ディスプレイ,1st,
0301010004,Visual,Display,ADTECHNO LCD1560S_No4,15型液晶ディスプレイ,1st,
0301011001,Visual,Display,ADTECHNO LCD1015S_No1,10.1型液晶ディスプレイ,1st,
0301011002,Visual,Display,ADTECHNO LCD1015S_No2,10.1型液晶ディスプレイ,1st,
0301011003,Visual,Display,ADTECHNO LCD1015S_No3,10.1型液晶ディスプレイ,1st,
0301011004,Visual,Display,ADTECHNO LCD1015S_No4,10.1型液晶ディスプレイ,1st,
0301011005,Visual,Display,ADTECHNO LCD1015S_No5,10.1型液晶ディスプレイ,1st,"2025.6 追加導入
2026.4 修理対応
2026.5 修理完了"
0301011006,Visual,Display,ADTECHNO LCD1015S_No6,10.1型液晶ディスプレイ,1st,2025.6 追加導入
0301011007,Visual,Display,ADTECHNO LCD1015S_No7,10.1型液晶ディスプレイ,1st,2026.6 追加導入
0301011008,Visual,Display,ADTECHNO LCD1015S_No8,10.1型液晶ディスプレイ,1st,2026.6 追加導入
0301011009,Visual,Display,ADTECHNO LCD1015S_No9,10.1型液晶ディスプレイ,1st,2026.6 追加導入
0301011010,Visual,Display,ADTECHNO LCD1015S_No10,10.1型液晶ディスプレイ,1st,2026.6 追加導入
0301012001,Visual,Display,LILLIPUT H7S / /KBUM2732B_No1,7型液晶/9.5インチモニターアーム,1st,
0301012002,Visual,Display,LILLIPUT H7S / /KBUM2732B_No2,7型液晶/9.5インチモニターアーム,1st,
0301013001,Visual,Display,iiyama XU2390HS/SH_No1,23型液晶ディスプレイ(SH付),1st,
0301013002,Visual,Display,iiyama XU2390HS/SH_No2,23型液晶ディスプレイ(SH付),1st,
0301013003,Visual,Display,iiyama XU2390HS/SH_No3,23型液晶ディスプレイ(SH付),1st,
0301013004,Visual,Display,iiyama XU2390HS/SH_No4,23型液晶ディスプレイ(SH付),1st,
0301014001,Visual,Display,Panasonic TH-75SQE2J_No1,75型液晶ディスプレイ,2nd,
0301014002,Visual,Display,Panasonic TH-75SQE2J_No2,75型液晶ディスプレイ,2nd,
0301015001,Visual,Display,Panasonic TH-86SQE2J_No1,86型液晶ディスプレイ,2nd,
0301015002,Visual,Display,Panasonic TH-86SQE2J_No2,86型液晶ディスプレイ,2nd,
0301016001,Visual,Display,Panasonic TH-98SQE2J_No1,98型液晶ディスプレイ,2nd,
0301016002,Visual,Display,Panasonic TH-98SQE2J_No2,98型液晶ディスプレイ,2nd,
0302001001,Visual,DisplayStand,RATEC PT-563_No1,プロンプタースタンド ～32型,1st,
0302001002,Visual,DisplayStand,RATEC PT-563_No2,プロンプタースタンド ～32型,1st,
0302001003,Visual,DisplayStand,RATEC PT-563_No3,プロンプタースタンド ～32型,1st,
0302001004,Visual,DisplayStand,RATEC PT-563_No4,プロンプタースタンド ～32型,1st,
0302002001,Visual,DisplayStand,RATEC PT-1786B_No1,中型プロンプタースタンド ～42型,1st,
0302002002,Visual,DisplayStand,RATEC PT-1786B_No2,中型プロンプタースタンド ～42型,1st,
0302002003,Visual,DisplayStand,RATEC PT-1786B_No3,中型プロンプタースタンド ～42型,1st,
0302002004,Visual,DisplayStand,RATEC PT-1786B_No4,中型プロンプタースタンド ～42型,1st,
0302003001,Visual,DisplayStand,RATEC PT-1277E_No1,大型プロンプタースタンド ～60型,1st,
0302003002,Visual,DisplayStand,RATEC PT-1277E_No2,大型プロンプタースタンド ～60型,1st,
0302004001,Visual,DisplayStand,RATEC SR-2124G_No1 土台,軽量モニター用フロアスタンド 土台,1st,
0302004002,Visual,DisplayStand,RATEC SR-2124G_No2 土台,軽量モニター用フロアスタンド 土台,1st,
0302004003,Visual,DisplayStand,RATEC SR-2124G_No3 土台,軽量モニター用フロアスタンド 土台,1st,
0302004004,Visual,DisplayStand,RATEC SR-2124G_No4 土台,軽量モニター用フロアスタンド 土台,1st,
0302004005,Visual,DisplayStand,RATEC SR-2124G_No1 支柱,軽量モニター用フロアスタンド 支柱,1st,
0302004006,Visual,DisplayStand,RATEC SR-2124G_No2 支柱,軽量モニター用フロアスタンド 支柱,1st,
0302004007,Visual,DisplayStand,RATEC SR-2124G_No3 支柱,軽量モニター用フロアスタンド 支柱,1st,
0302004008,Visual,DisplayStand,RATEC SR-2124G_No4 支柱,軽量モニター用フロアスタンド 支柱,1st,
0302005001,Visual,DisplayStand,RATEC SR-1032B_No1 土台,中型フロアスタンド 土台,1st,
0302005002,Visual,DisplayStand,RATEC SR-1032B_No2 土台,中型フロアスタンド 土台,1st,
0302005003,Visual,DisplayStand,RATEC SR-1032B_No1 支柱,中型フロアスタンド 支柱,1st,
0302005004,Visual,DisplayStand,RATEC SR-1032B_No2 支柱,中型フロアスタンド 支柱,1st,
0302006001,Visual,DisplayStand,esupply EEX-LA006W_No1,卓上スタンド、縦横可変式,1st,
0302006002,Visual,DisplayStand,esupply EEX-LA006W_No2,卓上スタンド、縦横可変式,1st,
0302006003,Visual,DisplayStand,esupply EEX-LA006W_No3,卓上スタンド、縦横可変式,1st,
0302006004,Visual,DisplayStand,esupply EEX-LA006W_No4,卓上スタンド、縦横可変式,1st,
0302007001,Visual,DisplayStand,Panasonic TY-ST32PE2*2_No1,32インチ卓上スタンド,1st,
0302008001,Visual,DisplayStand,RATEC WB-2138C_No1,32インチ壁掛け金具,1st,
0302008002,Visual,DisplayStand,RATEC WB-2138C_No2,32インチ壁掛け金具,1st,
0302008003,Visual,DisplayStand,RATEC WB-2138C_No3,32インチ壁掛け金具,1st,
0302008004,Visual,DisplayStand,RATEC WB-2138C_No4,32インチ壁掛け金具,1st,
0302009001,Visual,DisplayStand,RATEC WB-472C_No1,42.43インチ壁掛け金具,1st,
0302009002,Visual,DisplayStand,RATEC WB-472C_No2,42.43インチ壁掛け金具,1st,
0302009003,Visual,DisplayStand,RATEC WB-472C_No3,42.43インチ壁掛け金具,1st,
0302009004,Visual,DisplayStand,RATEC WB-472C_No4,42.43インチ壁掛け金具,1st,
0302010001,Visual,DisplayStand,STAR PLATINUM TVSFXGP104LB_No1,55~102インチ壁掛け金具,2nd,
0302010002,Visual,DisplayStand,STAR PLATINUM TVSFXGP104LB_No2,55~102インチ壁掛け金具,2nd,
0302010003,Visual,DisplayStand,STAR PLATINUM TVSFXGP104LB_No3,55~102インチ壁掛け金具,2nd,
0302010004,Visual,DisplayStand,STAR PLATINUM TVSFXGP104LB_No4,55~102インチ壁掛け金具,2nd,
0302010005,Visual,DisplayStand,STAR PLATINUM TVSFXGP104LB_No5,55~102インチ壁掛け金具,2nd,
0302010006,Visual,DisplayStand,STAR PLATINUM TVSFXGP104LB_No6,55~102インチ壁掛け金具,2nd,
0302010007,Visual,DisplayStand,STAR PLATINUM TVSFXGP104LB_No7,55~102インチ壁掛け金具,2nd,
0302011001,Visual,DisplayStand,RATEC STD-1907D_No1,大型フロアスタンド,2nd,
0302011002,Visual,DisplayStand,RATEC STD-1907D_No2,大型フロアスタンド,2nd,
0303001001,Visual,CAMERA,SONY FDR-AX700,デジタル4Kビデオカメラレコーダー,1st,
0303002001,Visual,CAMERA,Libec TH-X,ビデオカメラ用三脚,1st,
0303003001,Visual,CAMERA,GoPro HERO5,ウェアラブルカメラ アダプタ付き,1st,
0303004001,Visual,CAMERA,Panasonic AW-UE50K＋AW-RP60,リモートカメラ＋コントローラー（アーム込み）,1st,
0303005001,Visual,CAMERA,Manfrotto MKELMII4BK-BH,カメラ用三脚,1st,
0303006001,Visual,CAMERA,DJI Osmo Action 5 Pro,ウェアラブルカメラ アダプタ付き,1st,
0303007001,Visual,CAMERA,hohem iSteady Pro4,アクションカメラ用ジンバル,1st,
0304001001,Visual,Switcher,ROLAND V-800HD MkⅡ,マルチフォーマットビデオミキサー,1st,
0304002001,Visual,Switcher,ROLAND V-800HD,マルチフォーマットビデオミキサー,1st,
0304003001,Visual,Switcher,ROLAND V-160HD_No1,ストリーミングビデオスイッチャー,1st,
0304003002,Visual,Switcher,ROLAND V-160HD_No2,ストリーミングビデオスイッチャー,1st,
0304003003,Visual,Switcher,ROLAND V-160HD_No3,ストリーミングビデオスイッチャー,1st,
0304004001,Visual,Switcher,※修理中_ROLAND V-8HD,HDビデオスイッチャー,1st,2026/8/5 イースペックへ発送
0304005001,Visual,Switcher,ROLAND V-02HD,2chマルチフォーマットビデオミキサー,1st,
0304006001,Visual,Switcher,ROLAND XS-84H,マルチフォーマットマトリクススイッチャー,1st,
0304007001,Visual,Switcher,BMD ATEM Mini Pro,ライブプロダクションスイッチャー,1st,
0304008001,Visual,Switcher,BMD ATEM STREAMING BRIDGE,ビデオコンバーター,1st,
0304009001,Visual,Switcher,IMAGENICS MIX-DV4_No1,デジタルマルチスキャンコンバータ,1st,
0304009002,Visual,Switcher,IMAGENICS MIX-DV4_No2,デジタルマルチスキャンコンバータ,1st,
0304010001,Visual,Switcher,ROLAND VR-6HD,ダイレクト・ストリーミング・AVミキサー,1st,
0304011001,Visual,Switcher,ROLAND V-1HD PLUS,HDビデオ・スイッチャー,1st,
0304012001,Visual,Switcher,ROLAND V-1SDI,3G-SDIビデオ・スイッチャー,1st,
0304013001,Visual,Switcher,ROLAND V-02HD MK II,ストリーミングビデオミキサー,1st,
0305001001,Visual,分配器,IMAGENICS DD-106,VGA 6分配器,1st,
0305002001,Visual,分配器,KRAMER VP-3,VGA 3分配器,1st,
0305003001,Visual,分配器,KanaaN HDMI1*2_No1,HDMI 2分配器,1st,
0305003002,Visual,分配器,KanaaN HDMI1*2_No2,HDMI 2分配器,1st,
0305003003,Visual,分配器,KanaaN HDMI1*2_No3,HDMI 2分配器,1st,
0305003004,Visual,分配器,KanaaN HDMI1*2_No4,HDMI 2分配器,1st,
0305003005,Visual,分配器,KanaaN HDMI1*2_No5,HDMI 2分配器,1st,
0305003006,Visual,分配器,KanaaN HDMI1*2_No6,HDMI 2分配器,1st,
0305003007,Visual,分配器,KanaaN HDMI1*2_No7,HDMI 2分配器,1st,
0305003008,Visual,分配器,KanaaN HDMI1*2_No8,HDMI 2分配器,1st,
0305003009,Visual,分配器,KanaaN HDMI1*2_No9,HDMI 2分配器,1st,
0305003010,Visual,分配器,KanaaN HDMI1*2_No10,HDMI 2分配器,1st,
0305003011,Visual,分配器,KanaaN HDMI1*2_No11,HDMI 2分配器,1st,
0305003012,Visual,分配器,KanaaN HDMI1*2_No12,HDMI 2分配器,1st,
0305004001,Visual,分配器,MOVCLE HDMI SPLITTER_No1,HDMI 4分配器,1st,
0305004002,Visual,分配器,MOVCLE HDMI SPLITTER_No2,HDMI 4分配器,1st,
0305005001,Visual,分配器,IMAGENICS HD-5_No1,HDMI 5分配器,1st,
0305005002,Visual,分配器,IMAGENICS HD-5_No2,HDMI 5分配器,1st,
0305006001,Visual,分配器,VideoPro VPS-SS2_No1,SDI 4分配器,1st,
0305006002,Visual,分配器,VideoPro VPS-SS2_No2,SDI 4分配器,1st,
0305006003,Visual,分配器,VideoPro VPS-SS2_No3,SDI 4分配器,1st,
0305006004,Visual,分配器,VideoPro VPS-SS2_No4,SDI 4分配器,1st,
0305006005,Visual,分配器,VideoPro VPS-SS2_No5,SDI 4分配器,1st,
0305006006,Visual,分配器,VideoPro VPS-SS2_No6,SDI 4分配器,1st,
0305007001,Visual,分配器,ADTECHNO BRIDGE M_DA_No1,SDI 3分配器,1st,
0305007002,Visual,分配器,ADTECHNO BRIDGE M_DA_No2,SDI 3分配器,1st,
0305008001,Visual,分配器,Gefen DVISPLITTER_No1,DVI 4分配器,1st,
0305008002,Visual,分配器,Gefen DVISPLITTER_No2,DVI 4分配器,1st,
0305009001,Visual,分配器,IMAGENICS CRO-UD14_No1,4K HDMI 4分配器,1st,
0305009002,Visual,分配器,IMAGENICS CRO-UD14_No2,4K HDMI 4分配器,1st,
0305009003,Visual,分配器,IMAGENICS CRO-UD14_No3,4K HDMI 4分配器,1st,
0306001001,Visual,Converter,IMAGENICS RS-1550A_No1,HDCP対応DVIフレームシンクロナイザー,1st,
0306001002,Visual,Converter,IMAGENICS RS-1550A_No2,HDCP対応DVIフレームシンクロナイザー,1st,
0306002001,Visual,Converter,Gefen DetectivePlus,HDMI EDID信号保持機,1st,
0306003001,Visual,Converter,VideoPro VPC-HS2_No1,HDMI to SDIコンバータ,1st,
0306003002,Visual,Converter,VideoPro VPC-HS2_No2,HDMI to SDIコンバータ,1st,
0306004001,Visual,Converter,VideoPro VPC-SH2_No1,SDI to HDMIコンバータ,1st,
0306004002,Visual,Converter,VideoPro VPC-SH2_No2,SDI to HDMIコンバータ,1st,
0306005001,Visual,Converter,VideoPro VPC MX1,ANALOG to HDMI/SDI コンバータ,1st,
0306006001,Visual,Converter,BMD Battery Converter HDMI to SDI,HDMI to SDIコンバータ,1st,
0306007001,Visual,Converter,BMD Battery Converter SDI to HDMI,SDI to HDMI コンバータ,1st,
0306008001,Visual,Converter,BMD Mini Converter SDI to Analog4K,SDI to SDI/Audio,1st,
0306009001,Visual,Converter,BMD Mini Converter HDMI to SDI 6G_No1,HDMI to SDIコンバータ,1st,
0306009002,Visual,Converter,BMD Mini Converter HDMI to SDI 6G_No2,HDMI to SDIコンバータ,1st,
0306010001,Visual,Converter,BMD Mini Converter SDI to HDMI 4K_No1,SDI to HDMIコンバータ,1st,
0306010002,Visual,Converter,BMD Mini Converter SDI to HDMI 4K_No2,SDI to HDMIコンバータ,1st,
0306011001,Visual,Converter,BMD MiniConverter Audio to SDI_No1,SDI/Audio to SDI,1st,
0306011002,Visual,Converter,BMD MiniConverter Audio to SDI_No2,SDI/Audio to SDI,1st,
0306012001,Visual,Converter,BMD MicroConverter HS/SH_No1,HS/SH コンバータ,1st,
0306012002,Visual,Converter,BMD MicroConverter HS/SH_No2,HS/SH コンバータ,1st,
0306012003,Visual,Converter,BMD MicroConverter HS/SH_No3,HS/SH コンバータ,1st,
0306012004,Visual,Converter,BMD MicroConverter HS/SH_No4,HS/SH コンバータ,1st,
0306012005,Visual,Converter,BMD MicroConverter HS/SH_No5,HS/SH コンバータ,1st,
0306012006,Visual,Converter,BMD MicroConverter HS/SH_No6,HS/SH コンバータ,1st,
0306012007,Visual,Converter,BMD MicroConverter HS/SH_No7,HS/SH コンバータ,1st,
0306012008,Visual,Converter,BMD MicroConverter HS/SH_No8,HS/SH コンバータ,1st,
0306013001,Visual,Converter,ROLAND VC-1-HS_No1,HDMI to SDIコンバータ,1st,
0306013002,Visual,Converter,ROLAND VC-1-HS_No2,HDMI to SDIコンバータ,1st,
0306013003,Visual,Converter,ROLAND VC-1-HS_No3,HDMI to SDIコンバータ,1st,
0306013004,Visual,Converter,ROLAND VC-1-HS_No4,HDMI to SDIコンバータ,1st,
0306013005,Visual,Converter,ROLAND VC-1-HS_No5,HDMI to SDIコンバータ,1st,
0306013006,Visual,Converter,ROLAND VC-1-HS_No6_要観察,HDMI to SDIコンバータ,1st,
0306013007,Visual,Converter,ROLAND VC-1-HS_No7,HDMI to SDIコンバータ,1st,
0306013008,Visual,Converter,ROLAND VC-1-HS_No8,HDMI to SDIコンバータ,1st,
0306013009,Visual,Converter,ROLAND VC-1-HS_No9,HDMI to SDIコンバータ,1st,
0306013010,Visual,Converter,ROLAND VC-1-HS_No10,HDMI to SDIコンバータ,1st,
0306013011,Visual,Converter,ROLAND VC-1-HS_No11,HDMI to SDIコンバータ,1st,
0306013012,Visual,Converter,ROLAND VC-1-HS_No12,HDMI to SDIコンバータ,1st,
0306014001,Visual,Converter,ROLAND VC-1-SH_No1,SDI to HDMIコンバータ,1st,
0306014002,Visual,Converter,ROLAND VC-1-SH_No2,SDI to HDMIコンバータ,1st,
0306014003,Visual,Converter,ROLAND VC-1-SH_No3,SDI to HDMIコンバータ,1st,
0306014004,Visual,Converter,ROLAND VC-1-SH_No4,SDI to HDMIコンバータ,1st,
0306014005,Visual,Converter,ROLAND VC-1-SH_No5,SDI to HDMIコンバータ,1st,
0306014006,Visual,Converter,ROLAND VC-1-SH_No6,SDI to HDMIコンバータ,1st,
0306014007,Visual,Converter,ROLAND VC-1-SH_No7,SDI to HDMIコンバータ,1st,
0306014008,Visual,Converter,ROLAND VC-1-SH_No8,SDI to HDMIコンバータ,1st,
0306014009,Visual,Converter,ROLAND VC-1-SH_No9,SDI to HDMIコンバータ,1st,
0306014010,Visual,Converter,ROLAND VC-1-SH_No10,SDI to HDMIコンバータ,1st,
0306014011,Visual,Converter,ROLAND VC-1-SH_No11,SDI to HDMIコンバータ,1st,
0306014012,Visual,Converter,ROLAND VC-1-SH_No12,SDI to HDMIコンバータ,1st,
0306015001,Visual,Converter,AJA UTAP-HDMI_No1,USB3.0  HDMIキャプチャー,1st,
0306015002,Visual,Converter,AJA UTAP-HDMI_No2,USB3.0  HDMIキャプチャー,1st,
0306016001,Visual,Converter,AJA UTAP-SDI_No1,USB3.0  SDIキャプチャー,1st,
0306016002,Visual,Converter,AJA UTAP-SDI_No2,USB3.0  SDIキャプチャー,1st,
0306017001,Visual,Converter,Mini Converter UpDownCross HD_No1,ビデオコンバーター,1st,
0306017002,Visual,Converter,Mini Converter UpDownCross HD_No2,ビデオコンバーター,1st,
0306018001,Visual,Converter,VPC-SH5_No1,SDI to HDMIコンバータ,1st,2026/6 HDMIケーブル破損の為、新しいものに交換
0306018002,Visual,Converter,VPC-SH5_No2,SDI to HDMIコンバータ,1st,
0306018003,Visual,Converter,VPC-SH5_No3,SDI to HDMIコンバータ,1st,
0306018004,Visual,Converter,VPC-SH5_No4,SDI to HDMIコンバータ,1st,
0306018005,Visual,Converter,VPC-SH5_No5,SDI to HDMIコンバータ,1st,
0306018006,Visual,Converter,VPC-SH5_No6,SDI to HDMIコンバータ,1st,
0306018007,Visual,Converter,VPC-SH5_No7,SDI to HDMIコンバータ,1st,
0306018008,Visual,Converter,VPC-SH5_No8,SDI to HDMIコンバータ,1st,
0306018009,Visual,Converter,VPC-SH5_No9,SDI to HDMIコンバータ,1st,2025年7月導入
0306018010,Visual,Converter,VPC-SH5_No10,SDI to HDMIコンバータ,1st,2025年7月導入
0306018011,Visual,Converter,VPC-SH5_No11,SDI to HDMIコンバータ,1st,2025年7月導入
0306018012,Visual,Converter,VPC-SH5_No12,SDI to HDMIコンバータ,1st,2025年7月導入
0306019001,Visual,Converter,VPC-HS5_No1,HDMI to SDIコンバータ,1st,2025年7月導入
0306019002,Visual,Converter,VPC-HS5_No2,HDMI to SDIコンバータ,1st,2025年7月導入
0306019003,Visual,Converter,VPC-HS5_No3,HDMI to SDIコンバータ,1st,2025年7月導入
0306019004,Visual,Converter,VPC-HS5_No4,HDMI to SDIコンバータ,1st,2025年7月導入
0306019005,Visual,Converter,VPC-HS5_No5,HDMI to SDIコンバータ,1st,2025年7月導入
0306019006,Visual,Converter,VPC-HS5_No6,HDMI to SDIコンバータ,1st,2025年7月導入
0306019007,Visual,Converter,VPC-HS5_No7,HDMI to SDIコンバータ,1st,2025年7月導入
0306019008,Visual,Converter,VPC-HS5_No8,HDMI to SDIコンバータ,1st,2025年7月導入
0306019009,Visual,Converter,VPC-HS5_No9,HDMI to SDIコンバータ,1st,2025年7月導入
0306019010,Visual,Converter,VPC-HS5_No10,HDMI to SDIコンバータ,1st,2025年7月導入
0306019011,Visual,Converter,VPC-HS5_No11,HDMI to SDIコンバータ,1st,2025年7月導入
0306019012,Visual,Converter,VPC-HS5_No12,HDMI to SDIコンバータ,1st,2025年7月導入
0306020001,Visual,Converter,AVMATRIX UC2018_No1,SDI/HDMI to USB3.0ビデオキャプチャー,1st,
0306020002,Visual,Converter,AVMATRIX UC2018_No2,SDI/HDMI to USB3.0ビデオキャプチャー,1st,
0307001001,Visual,Extender,IMAGENICS CRO-DE20 TX/RX_No1,DVIツイストペア伝送器（送受信セット）,1st,
0307001002,Visual,Extender,IMAGENICS CRO-DE20 TX/RX_No2,DVIツイストペア伝送器（送受信セット）,1st,
0307003001,Visual,Extender,IMAGENICS CRO-DCE15A TX/RX_No1,DVI イメージリンク（送受信セット）,1st,
0307003002,Visual,Extender,IMAGENICS CRO-DCE15A TX/RX_No2,DVI イメージリンク（送受信セット）,1st,
0307003003,Visual,Extender,IMAGENICS CRO-DCE15A TX/RX_No3,DVI イメージリンク（送受信セット）,1st,
0307003004,Visual,Extender,IMAGENICS CRO-DCE15A TX/RX_No4,DVI イメージリンク（送受信セット）,1st,
0307003005,Visual,Extender,IMAGENICS CRO-DCE15A TX/RX_No5,DVI イメージリンク（送受信セット）,1st,
0307003006,Visual,Extender,IMAGENICS CRO-DCE15A TX/RX_No6,DVI イメージリンク（送受信セット）,1st,
0307004001,Visual,Extender,IMAGENICS CRO-DCE15A TX/RS22,DVI イメージリンク（送受信セット）,1st,
0307005001,Visual,Extender,UHD_QOTR TX/RX_No1,4K UHD対応3G-SDI6系統伝送光延長器,1st,
0307005002,Visual,Extender,UHD_QOTR TX/RX_No2,4K UHD対応3G-SDI6系統伝送光延長器,1st,
0308001001,Visual,PC,WindowsPC_No1,WindowsPC,1st,2026年5月 新機種に入れ替え完了
0308001002,Visual,PC,WindowsPC_No2,WindowsPC,1st,2026年5月 新機種に入れ替え完了
0308001003,Visual,PC,WindowsPC_No3,WindowsPC,1st,2026年5月 新機種に入れ替え完了
0308001004,Visual,PC,WindowsPC_No4,WindowsPC,1st,2026年5月 新機種に入れ替え完了
0308001005,Visual,PC,WindowsPC_No5,WindowsPC,1st,
0308001006,Visual,PC,WindowsPC_No6,WindowsPC,1st,
0308001007,Visual,PC,WindowsPC_No7,WindowsPC,1st,
0308001008,Visual,PC,WindowsPC_No8,WindowsPC,1st,
0308001009,Visual,PC,WindowsPC_No9,WindowsPC,1st,
0308001010,Visual,PC,WindowsPC_No10,WindowsPC,1st,
0308001011,Visual,PC,WindowsPC_No11,WindowsPC,1st,
0308001012,Visual,PC,WindowsPC_No12,WindowsPC,1st,
0308001013,Visual,PC,WindowsPC_No13,WindowsPC,1st,
0308001014,Visual,PC,WindowsPC_No14,WindowsPC,1st,
0308001015,Visual,PC,WindowsPC_No15,WindowsPC,1st,
0308001016,Visual,PC,WindowsPC_No16,WindowsPC,1st,
0308001017,Visual,PC,WindowsPC_No17,WindowsPC,1st,
0308001018,Visual,PC,WindowsPC_No18,WindowsPC,1st,
0308001019,Visual,PC,WindowsPC_No19,WindowsPC,1st,
0308001020,Visual,PC,WindowsPC_No20,WindowsPC,1st,
0308002001,Visual,PC,MacBookPro_No1 (Core i7) PP PBP,MacBookPro,1st,
0308002002,Visual,PC,MacBookPro_No2 (M1) PP PBP,MacBookPro,1st,
0308002003,Visual,PC,MacBookPro_No3 (Core i9) PP PBP,MacBookPro,1st,
0308002004,Visual,PC,MacBookPro_No4 (M3 Pro) PP PBP,MacBookPro,1st,
0308002005,Visual,PC,MacBookPro_No5 (M2 Pro) PP PBP,MacBookPro,1st,
0308002006,Visual,PC,MacBookPro_No6 (M3 Pro) PP PBP,MacBookPro,1st,
0308002007,Visual,PC,MacBookPro_No7 (M4 Pro) Miiti PBP,MacBookPro,1st,
0308002008,Visual,PC,MacBookPro_No8 (M4 Pro) Miiti PBP,MacBookPro,1st,
0309001001,Visual,Visual Other,ROLAND PR-810HD,マルチフォーマットビデオプレゼンター,1st,
0309002001,Visual,Visual Other,BMD HyperDeck Studio Mini,HDフォーマット収録デッキ,1st,
0309003001,Visual,Visual Other,DecimatorDesign MD-CROSS V2,パターンジェネレーター,1st,
0309004001,Visual,Visual Other,Dsan Perfect Cue Micro,ワイヤレスクリッカー,1st,
0309004002,Visual,Visual Other,Dsan Perfect Cue Micro （LP付き）,ワイヤレスクリッカー(LP付き）,1st,
0309005001,Visual,Visual Other,KOWA Dragon Clicker_No1,Wreless PC Controller,1st,
0309005002,Visual,Visual Other,KOWA Dragon Clicker_No2,Wreless PC Controller,1st,
0309005003,Visual,Visual Other,KOWA Dragon Clicker_No3,Wreless PC Controller,1st,
0309006001,Visual,Visual Other,NETGEAR GS108PE_No1,PoE対応 8ポートアンマネージプラススイッチ,1st,
0309006002,Visual,Visual Other,NETGEAR GS108PE_No2,PoE対応 8ポートアンマネージプラススイッチ,1st,
0309006003,Visual,Visual Other,NETGEAR GS108PE_No3,PoE対応 8ポートアンマネージプラススイッチ,1st,
0309006004,Visual,Visual Other,NETGEAR GS108PE_No4,PoE対応 8ポートアンマネージプラススイッチ,1st,
0309008001,Visual,Visual Other,Dsan Limitimer Pro-2000t/SL-20V,デジタル計時回線 親機/子機セット,1st,
0309009001,Visual,Visual Other,Dsan Limitimer ASL-4ND3,デジタル計時回線 表示灯,1st,
0309010001,Visual,Visual Other,吊りワイヤー 3m*3本セット_No1,可変式アタッチメント付き吊りワイヤー,1st,
0309010002,Visual,Visual Other,吊りワイヤー 3m*3本セット_No2,可変式アタッチメント付き吊りワイヤー,1st,
0309011001,Visual,Visual Other,吊りワイヤー 5m*3本セット_No1,可変式アタッチメント付き吊りワイヤー,1st,
0309011002,Visual,Visual Other,吊りワイヤー 5m*3本セット_No2,可変式アタッチメント付き吊りワイヤー,1st,
0309013001,Visual,Visual Other,映像変換BOX No1,映像変換BOX No1,1st,
0309013002,Visual,Visual Other,映像変換BOX No2,映像変換BOX No2,1st,
0309013003,Visual,Visual Other,映像変換BOX No3,映像変換BOX No3,1st,
0309013004,Visual,Visual Other,映像変換BOX No4,映像変換BOX No4,1st,
0309014001,Visual,Visual Other,BrightSign BS/HD222_No1,デジタルサイネージプレイヤー,1st,
0309014002,Visual,Visual Other,BrightSign BS/HD222_No2,デジタルサイネージプレイヤー,1st,
0309015001,Visual,Extender,USB Extender/PC Device Set_No1,,1st,
0309015002,Visual,Extender,USB Extender(サンワサプライ)/PC Device Set_No2,,1st,
0309015003,Visual,Extender,USB Extender(サンワサプライ)/PC Device Set_No3,,1st,
0309016001,Visual,Visual Other,PCクーラー_No1,PCクーラー_No1,1st,
0309016002,Visual,Visual Other,PCクーラー_No2,PCクーラー_No2,1st,
0309017001,Visual,Visual Other,卓周りBOX_No1,卓周りBOX_No1,1st,
0309017002,Visual,Visual Other,卓周りBOX_No2,卓周りBOX_No2,1st,
0309017003,Visual,Visual Other,卓周りBOX_No3,卓周りBOX_No3,1st,
0309017004,Visual,Visual Other,卓周りBOX_No4,卓周りBOX_No4,1st,2025年8月増設
0309018001,Visual,Visual Other,LapTopStand 短_No1,LapTopStand 短_No1,1st,
0309018002,Visual,Visual Other,LapTopStand 短_No2,LapTopStand 短_No2,1st,
0309018003,Visual,Visual Other,LapTopStand 短_No3,LapTopStand 短_No3,1st,
0309018004,Visual,Visual Other,LapTopStand 短_No4,LapTopStand 短_No4,1st,
0309018005,Visual,Visual Other,LapTopStand 長_No5,LapTopStand 長_No5,1st,
0309018006,Visual,Visual Other,LapTopStand HERCULES_No6,LapTopStand HERCULES_No6,1st,
0309018007,Visual,Visual Other,LapTopStand HERCULES_No7,LapTopStand HERCULES_No7,1st,
0309018008,Visual,Visual Other,LapTopStand HERCULES_No8,LapTopStand HERCULES_No8,1st,
0309018009,Visual,Visual Other,LapTopStand HERCULES_No9,LapTopStand HERCULES_No9,1st,
0309018010,Visual,Visual Other,LapTopStand HERCULES_No10,LapTopStand HERCULES_No10,1st,
0309018011,Visual,Visual Other,LapTopStand HERCULES_No11,LapTopStand HERCULES_No11,1st,
0309019001,Visual,Visual Other,SWカバー_No1,SWカバー_No1,1st,
0309019002,Visual,Visual Other,SWカバー_No2,SWカバー_No2,1st,
0309019003,Visual,Visual Other,SWカバー_No3,SWカバー_No3,1st,
0309019004,Visual,Visual Other,SWカバー_No4,SWカバー_No4,1st,
0309019005,Visual,Visual Other,SWカバー_No5,SWカバー_No5,1st,
0309019006,Visual,Visual Other,SWカバー_No6,SWカバー_No6,1st,
0309020001,Visual,Visual Other,AZA Show Shift,ワイヤレスクリッカー(LP付き)_No1,1st,
0309021001,Visual,Visual Other,BrightSign LS445_No1,デジタルサイネージプレイヤー,1st,
0309021002,Visual,Visual Other,BrightSign LS445_No2,デジタルサイネージプレイヤー,1st,
0309022001,Visual,Visual Other,PC Wireless Device Set_No1,ワイヤレスキーボード＋マウス,1st,
0309022002,Visual,Visual Other,PC Wireless Device Set_No2,ワイヤレスキーボード＋マウス,1st,
0310001001,Visual,Projector,Panasonic PT-VMZ71J_No1,液晶プロジェクター(7000lm),2nd,
0310001002,Visual,Projector,Panasonic PT-VMZ71J_No2,液晶プロジェクター(7000lm),2nd,
0310002001,Visual,Projector,Panasonic PT-MZ20KJLB_No1,"液晶プロジェクター(20,000lm)",2nd,
0310002002,Visual,Projector,Panasonic PT-MZ20KJLB_No2,"液晶プロジェクター(20,000lm)",2nd,
0310003001,Visual,Projector,Panasonic ET-EMW200_No1,ズームレンズ,2nd,
0310003002,Visual,Projector,Panasonic ET-EMW200_No2,ズームレンズ,2nd,
0310004001,Visual,Projector,Panasonic ET-EMW300_No1,ズームレンズ,2nd,
0310004002,Visual,Projector,Panasonic ET-EMW300_No2,ズームレンズ,2nd,
0310005001,Visual,Projector,Panasonic ET-EMW400_No1,ズームレンズ,2nd,
0310005002,Visual,Projector,Panasonic ET-EMW400_No2,ズームレンズ,2nd,
0310006001,Visual,Projector,Panasonic ET-EMW500_No1,ズームレンズ,2nd,
0310006002,Visual,Projector,Panasonic ET-EMW500_No2,ズームレンズ,2nd,
0310007001,Visual,Projector,Panasonic ET-EMS650_No1,ズームレンズ,2nd,
0310007002,Visual,Projector,Panasonic ET-EMS650_No2,ズームレンズ,2nd,
0310008001,Visual,Projector,Panasonic ET-EMT750_No1,ズームレンズ,2nd,
0310008002,Visual,Projector,Panasonic ET-EMT750_No2,ズームレンズ,2nd,
0310009001,Visual,Projector,Panasonic ET-EMT850_No1,ズームレンズ,2nd,
0310009002,Visual,Projector,Panasonic ET-EMT850_No2,ズームレンズ,2nd,
0310010001,Visual,Projector,LUXOR LE-DUO_No1,ラクサー台 (小),2nd,
0310010002,Visual,Projector,LUXOR LE-DUO_No2,ラクサー台 (小),2nd,
0310011001,Visual,Projector,LUXOR LEL-DUO_No1,ラクサー台 (大),2nd,
0310011002,Visual,Projector,LUXOR LEL-DUO_No2,ラクサー台 (大),2nd,
0310012001,Visual,Projector,ラクサースカート (小)_No1,,2nd,
0310012002,Visual,Projector,ラクサースカート (小)_No2,,2nd,
0310013001,Visual,Projector,ラクサースカート (大)_No1,,2nd,
0310013002,Visual,Projector,ラクサースカート (大)_No2,,2nd,
0310014001,Visual,Projector,組立式映写台_No1,,2nd,
0310014002,Visual,Projector,組立式映写台_No2,,2nd,
0310015001,Visual,Projector,組立式映写台スカート_No1,,2nd,
0310015002,Visual,Projector,組立式映写台スカート_No2,,2nd,
0311001001,Visual,Screen,AV Stumpfl MBCF-100HD_No1,100インチスクリーン,2nd,
0311001002,Visual,Screen,AV Stumpfl MBCF-100HD_No2,100インチスクリーン,2nd,
0311002001,Visual,Screen,AV Stumpfl MBCF-120HD_No1,120インチスクリーン,2nd,
0311002002,Visual,Screen,AV Stumpfl MBCF-120HD_No2,120インチスクリーン,2nd,
0311003001,Visual,Screen,AV Stumpfl MBCF-147HD_No1,147インチスクリーン,2nd,
0311003002,Visual,Screen,AV Stumpfl MBCF-147HD_No2,147インチスクリーン,2nd,
0311004001,Visual,Screen,AV Stumpfl MBCF-165HD_No1,165インチスクリーン,2nd,
0311004002,Visual,Screen,AV Stumpfl MBCF-165HD_No2,165インチスクリーン,2nd,
0311005001,Visual,Screen,AV Stumpfl MBCF-183HD_No1,183インチスクリーン,2nd,
0311005002,Visual,Screen,AV Stumpfl MBCF-183HD_No2,183インチスクリーン,2nd,
0311006001,Visual,Screen,AV Stumpfl MBCF-220HD_No1,220インチスクリーン,2nd,
0311006002,Visual,Screen,AV Stumpfl MBCF-220HD_No2,220インチスクリーン,2nd,
0311007001,Visual,Screen,AV Stumpfl MBLCF-248HD_生地_No1,248インチスクリーン,2nd,
0311007002,Visual,Screen,AV Stumpfl MBLCF-248HD_生地_No2,248インチスクリーン,2nd,
0311008001,Visual,Screen,AV Stumpfl MBLCF-275HD_生地_No1,275インチスクリーン,2nd,
0311008002,Visual,Screen,AV Stumpfl MBLCF-275HD_生地_No2,275インチスクリーン,2nd,
0311009001,Visual,Screen,スクリーンスカート 120インチ用_No1,,2nd,
0311009002,Visual,Screen,スクリーンスカート 120インチ用_No2,,2nd,
0311010001,Visual,Screen,スクリーンスカート 165インチ用_No1,,2nd,
0311010002,Visual,Screen,スクリーンスカート 165インチ用_No2,,2nd,
0311011001,Visual,Screen,スクリーンスカート 183インチ用_No1,,2nd,
0311011002,Visual,Screen,スクリーンスカート 183インチ用_No2,,2nd,
0311012001,Visual,Screen,AV Stumpfl MBLCF-248HD_フレーム_No1,248インチスクリーン,2nd,
0311012002,Visual,Screen,AV Stumpfl MBLCF-248HD_フレーム_No2,248インチスクリーン,2nd,
0311013001,Visual,Screen,AV Stumpfl MBLCF-248HD_スタンド_No1,248インチスクリーン,2nd,
0311013002,Visual,Screen,AV Stumpfl MBLCF-248HD_スタンド_No2,248インチスクリーン,2nd,
0311014001,Visual,Screen,AV Stumpfl MBLCF-275HD_フレーム_No1,275インチスクリーン,2nd,
0311014002,Visual,Screen,AV Stumpfl MBLCF-275HD_フレーム_No2,275インチスクリーン,2nd,
0311015001,Visual,Screen,AV Stumpfl MBLCF-275HD_スタンド_No1,275インチスクリーン,2nd,
0311015002,Visual,Screen,AV Stumpfl MBLCF-275HD_スタンド_No2,275インチスクリーン,2nd,
0401001001,Other,電源BOX,Nihon Onkyo RCB601（8ｍｍ端子）,PA BOX（8ｍｍ端子）,2nd,
0401001002,Other,電源BOX,Nihon Onkyo RCB601（カムロック）,PA BOX（カムロック）,2nd,
0402002001,Other,Other,工具箱_No1,工具箱_No1,1st,
0402002002,Other,Other,工具箱_No2,工具箱_No2,1st,
0402003001,Other,Other,手元明かり_No1,,1st,
0402003002,Other,Other,手元明かり_No2,,1st,
0402003003,Other,Other,手元明かり_No3,,1st,
0402003004,Other,Other,手元明かり_No4,,1st,黒2個、白2個
0402004001,Other,Other,暗闇セット,,1st,
0402005001,Other,Other,床養生マット(24個),床養生マット(24個),1st,
0402006001,Other,Other,雨対策セット_No1,雨対策セット_No1,1st,
0402006002,Other,Other,雨対策セット_No2,雨対策セット_No2,1st,
0402006003,Other,Other,雨対策セット（照明）,雨対策セット（照明）,1st,
0402007001,Other,Other,カイロセット,,1st,
0402008001,Other,Other,荷締めゴム,,1st,
0402009001,Other,Other,すべらーぬ,,1st,
0402010001,Other,Other,持ち出し用テプラ,,1st,
0402011001,Other,Other,FI06,非接触温度計,1st,
0402012001,Other,Other,作業机(大)_No1,,1st,
0402012002,Other,Other,作業机(大)_No2,,1st,
0402013001,Other,Other,折りたたみ作業机(小) No1,折りたたみ作業机(小) No1,1st,
0402013002,Other,Other,折りたたみ作業机(小) No2,折りたたみ作業机(小) No2,1st,
0402014001,Other,Other,折りたたみ椅子_No1,,1st,
0402014002,Other,Other,折りたたみ椅子_No2,,1st,
0402014003,Other,Other,折りたたみ椅子_No3,,1st,
0402014004,Other,Other,折りたたみ椅子_No4,,1st,
0402015001,Other,Other,オートポール_No1,,2nd,
0402015002,Other,Other,オートポール_No2,,2nd,
0402015003,Other,Other,オートポール_No3,,2nd,
0402015004,Other,Other,オートポール_No4,,2nd,
0402016001,Other,Other,無線LANルーター_No1,tp-link Archer AX55,1st,
0402016002,Other,Other,無線LANルーター_No2,tp-link Archer AX55,1st,
0402016003,Other,Other,無線LANルーター_No3,tp-link Archer AX55,1st,
0402016004,Other,Other,無線LANルーター_No4,tp-link Archer AX55,1st,
0402017001,Other,Other,電源ドラム20ｍ（黄）_No1,電源ドラム20ｍ（黄）_No1,1st,
0402017002,Other,Other,電源ドラム20ｍ（黄）_No2,電源ドラム20ｍ（黄）_No2,1st,
0402018001,Other,Other,電源ドラム30ｍ（黒）_No1,電源ドラム30ｍ（黒）_No1,1st,
0402018002,Other,Other,電源ドラム30ｍ（黒）_No2,電源ドラム30ｍ（黒）_No2,1st,
0402019001,Other,Other,LVYUAN 変圧器,LVYUAN 変圧器,1st,100-110V / 220-240V  定格1500W
